Prod. Year,Prod Qtr.,Mine ID,Subunit,Type,Quarterly Hrs.,Coal Prod.,Avg. Empl Cnt.
2021,20211,0200137,03,"STRIP, QUARY, OPEN PIT","257,440 ",0 ,677 
2021,20211,0200137,30,MILL OPERATION/PREPARATION PLANT,"173,377 ",0 ,342 
2021,20211,0200137,99,OFFICE WORKERS AT MINE SITE,"58,748 ",0 ,122 
2021,20212,0200137,03,"STRIP, QUARY, OPEN PIT","263,701 ",0 ,691 
2021,20212,0200137,30,MILL OPERATION/PREPARATION PLANT,"173,337 ",0 ,346 
2021,20212,0200137,99,OFFICE WORKERS AT MINE SITE,"59,596 ",0 ,124 
2021,20213,0200137,03,"STRIP, QUARY, OPEN PIT","281,461 ",0 ,699 
2021,20213,0200137,30,MILL OPERATION/PREPARATION PLANT,"181,915 ",0 ,344 
2021,20213,0200137,99,OFFICE WORKERS AT MINE SITE,"63,188 ",0 ,125 
2021,20214,0200137,03,"STRIP, QUARY, OPEN PIT","269,090 ",0 ,692 
2021,20214,0200137,30,MILL OPERATION/PREPARATION PLANT,"167,852 ",0 ,337 
2021,20214,0200137,99,OFFICE WORKERS AT MINE SITE,"59,583 ",0 ,124 
2020,20201,0200137,03,"STRIP, QUARY, OPEN PIT","296,713 ",0 ,626 
2020,20201,0200137,30,MILL OPERATION/PREPARATION PLANT,"184,107 ",0 ,306 
2020,20201,0200137,99,OFFICE WORKERS AT MINE SITE,"65,566 ",0 ,127 
2020,20202,0200137,03,"STRIP, QUARY, OPEN PIT","211,971 ",0 ,604 
2020,20202,0200137,30,MILL OPERATION/PREPARATION PLANT,"169,673 ",0 ,308 
2020,20202,0200137,99,OFFICE WORKERS AT MINE SITE,"52,042 ",0 ,124 
2020,20203,0200137,03,"STRIP, QUARY, OPEN PIT","260,844 ",0 ,594 
2020,20203,0200137,30,MILL OPERATION/PREPARATION PLANT,"179,040 ",0 ,378 
2020,20203,0200137,99,OFFICE WORKERS AT MINE SITE,"59,984 ",0 ,133 
2020,20204,0200137,03,"STRIP, QUARY, OPEN PIT","283,357 ",0 ,594 
2020,20204,0200137,30,MILL OPERATION/PREPARATION PLANT,"183,046 ",0 ,298 
2020,20204,0200137,99,OFFICE WORKERS AT MINE SITE,"55,968 ",0 ,122 
2019,20191,0200137,03,"STRIP, QUARY, OPEN PIT","203,540 ",0 ,468 
2019,20191,0200137,30,MILL OPERATION/PREPARATION PLANT,"207,698 ",0 ,330 
2019,20191,0200137,99,OFFICE WORKERS AT MINE SITE,"89,816 ",0 ,173 
2019,20192,0200137,03,"STRIP, QUARY, OPEN PIT","295,907 ",0 ,588 
2019,20192,0200137,30,MILL OPERATION/PREPARATION PLANT,"169,777 ",0 ,292 
2019,20192,0200137,99,OFFICE WORKERS AT MINE SITE,"63,502 ",0 ,120 
2019,20193,0200137,03,"STRIP, QUARY, OPEN PIT","309,734 ",0 ,605 
2019,20193,0200137,30,MILL OPERATION/PREPARATION PLANT,"178,875 ",0 ,298 
2019,20193,0200137,99,OFFICE WORKERS AT MINE SITE,"66,628 ",0 ,123 
2019,20194,0200137,03,"STRIP, QUARY, OPEN PIT","299,304 ",0 ,614 
2019,20194,0200137,30,MILL OPERATION/PREPARATION PLANT,"167,511 ",0 ,298 
2019,20194,0200137,99,OFFICE WORKERS AT MINE SITE,"63,657 ",0 ,124 
2018,20181,0200137,03,"STRIP, QUARY, OPEN PIT","394,634 ",0 ,556 
2018,20181,0200137,30,MILL OPERATION/PREPARATION PLANT,"131,179 ",0 ,242 
2018,20181,0200137,99,OFFICE WORKERS AT MINE SITE,"71,702 ",0 ,109 
2018,20182,0200137,03,"STRIP, QUARY, OPEN PIT","422,646 ",0 ,522 
2018,20182,0200137,30,MILL OPERATION/PREPARATION PLANT,"131,179 ",0 ,303 
2018,20182,0200137,99,OFFICE WORKERS AT MINE SITE,"75,522 ",0 ,112 
2018,20183,0200137,03,"STRIP, QUARY, OPEN PIT","448,965 ",0 ,607 
2018,20183,0200137,30,MILL OPERATION/PREPARATION PLANT,"133,126 ",0 ,250 
2018,20183,0200137,99,OFFICE WORKERS AT MINE SITE,"79,376 ",0 ,117 
2018,20184,0200137,03,"STRIP, QUARY, OPEN PIT","440,216 ",0 ,556 
2018,20184,0200137,30,MILL OPERATION/PREPARATION PLANT,"132,436 ",0 ,288 
2018,20184,0200137,99,OFFICE WORKERS AT MINE SITE,"78,089 ",0 ,115 
2017,20171,0200137,03,"STRIP, QUARY, OPEN PIT","270,404 ",0 ,480 
2017,20171,0200137,30,MILL OPERATION/PREPARATION PLANT,"82,414 ",0 ,213 
2017,20171,0200137,99,OFFICE WORKERS AT MINE SITE,"4,811 ",0 ,95 
2017,20172,0200137,03,"STRIP, QUARY, OPEN PIT","292,992 ",0 ,517 
2017,20172,0200137,30,MILL OPERATION/PREPARATION PLANT,"119,814 ",0 ,222 
2017,20172,0200137,99,OFFICE WORKERS AT MINE SITE,"56,292 ",0 ,101 
2017,20173,0200137,03,"STRIP, QUARY, OPEN PIT","323,441 ",0 ,554 
2017,20173,0200137,30,MILL OPERATION/PREPARATION PLANT,"118,886 ",0 ,224 
2017,20173,0200137,99,OFFICE WORKERS AT MINE SITE,"60,317 ",0 ,106 
2017,20174,0200137,03,"STRIP, QUARY, OPEN PIT","253,894 ",0 ,549 
2017,20174,0200137,30,MILL OPERATION/PREPARATION PLANT,"127,698 ",0 ,245 
2017,20174,0200137,99,OFFICE WORKERS AT MINE SITE,"52,035 ",0 ,108 
2016,20161,0200137,03,"STRIP, QUARY, OPEN PIT","226,519 ",0 ,485 
2016,20161,0200137,30,MILL OPERATION/PREPARATION PLANT,"105,715 ",0 ,206 
2016,20161,0200137,99,OFFICE WORKERS AT MINE SITE,"45,305 ",0 ,94 
2016,20162,0200137,03,"STRIP, QUARY, OPEN PIT","227,952 ",0 ,482 
2016,20162,0200137,30,MILL OPERATION/PREPARATION PLANT,"111,544 ",0 ,203 
2016,20162,0200137,99,OFFICE WORKERS AT MINE SITE,"46,295 ",0 ,86 
2016,20163,0200137,03,"STRIP, QUARY, OPEN PIT","230,358 ",0 ,485 
2016,20163,0200137,30,MILL OPERATION/PREPARATION PLANT,"120,844 ",0 ,215 
2016,20163,0200137,99,OFFICE WORKERS AT MINE SITE,"47,892 ",0 ,95 
2016,20164,0200137,03,"STRIP, QUARY, OPEN PIT","220,418 ",0 ,484 
2016,20164,0200137,30,MILL OPERATION/PREPARATION PLANT,"110,544 ",0 ,214 
2016,20164,0200137,99,OFFICE WORKERS AT MINE SITE,"45,131 ",0 ,95 
2015,20151,0200137,03,"STRIP, QUARY, OPEN PIT","273,181 ",0 ,530 
2015,20151,0200137,30,MILL OPERATION/PREPARATION PLANT,"121,228 ",0 ,236 
2015,20151,0200137,99,OFFICE WORKERS AT MINE SITE,"53,783 ",0 ,104 
2015,20152,0200137,03,"STRIP, QUARY, OPEN PIT","286,291 ",0 ,546 
2015,20152,0200137,30,MILL OPERATION/PREPARATION PLANT,"125,366 ",0 ,241 
2015,20152,0200137,99,OFFICE WORKERS AT MINE SITE,"56,135 ",0 ,107 
2015,20153,0200137,03,"STRIP, QUARY, OPEN PIT","278,778 ",0 ,539 
2015,20153,0200137,30,MILL OPERATION/PREPARATION PLANT,"125,204 ",0 ,240 
2015,20153,0200137,99,OFFICE WORKERS AT MINE SITE,"55,088 ",0 ,107 
2015,20154,0200137,03,"STRIP, QUARY, OPEN PIT","243,959 ",0 ,509 
2015,20154,0200137,30,MILL OPERATION/PREPARATION PLANT,"112,913 ",0 ,218 
2015,20154,0200137,99,OFFICE WORKERS AT MINE SITE,"48,654 ",0 ,99 
2014,20141,0200137,03,"STRIP, QUARY, OPEN PIT","277,774 ",0 ,572 
2014,20141,0200137,30,MILL OPERATION/PREPARATION PLANT,"115,892 ",0 ,234 
2014,20141,0200137,99,OFFICE WORKERS AT MINE SITE,"53,681 ",0 ,110 
2014,20142,0200137,03,"STRIP, QUARY, OPEN PIT","280,708 ",0 ,538 
2014,20142,0200137,30,MILL OPERATION/PREPARATION PLANT,"118,917 ",0 ,238 
2014,20142,0200137,99,OFFICE WORKERS AT MINE SITE,"54,494 ",0 ,105 
2014,20143,0200137,03,"STRIP, QUARY, OPEN PIT","278,778 ",0 ,539 
2014,20143,0200137,30,MILL OPERATION/PREPARATION PLANT,"125,204 ",0 ,240 
2014,20143,0200137,99,OFFICE WORKERS AT MINE SITE,"55,088 ",0 ,107 
2014,20144,0200137,03,"STRIP, QUARY, OPEN PIT","274,118 ",0 ,535 
2014,20144,0200137,30,MILL OPERATION/PREPARATION PLANT,"123,488 ",0 ,240 
2014,20144,0200137,99,OFFICE WORKERS AT MINE SITE,"54,219 ",0 ,106 
2013,20131,0200137,03,"STRIP, QUARY, OPEN PIT","270,574 ",0 ,565 
2013,20131,0200137,30,MILL OPERATION/PREPARATION PLANT,"142,765 ",0 ,259 
2013,20131,0200137,99,OFFICE WORKERS AT MINE SITE,"54,668 ",0 ,112 
2013,20132,0200137,03,"STRIP, QUARY, OPEN PIT","282,651 ",0 ,582 
2013,20132,0200137,30,MILL OPERATION/PREPARATION PLANT,"137,948 ",0 ,256 
2013,20132,0200137,99,OFFICE WORKERS AT MINE SITE,"57,354 ",0 ,114 
2013,20133,0200137,03,"STRIP, QUARY, OPEN PIT","276,213 ",0 ,569 
2013,20133,0200137,30,MILL OPERATION/PREPARATION PLANT,"126,485 ",0 ,244 
2013,20133,0200137,99,OFFICE WORKERS AT MINE SITE,"54,913 ",0 ,111 
2013,20134,0200137,03,"STRIP, QUARY, OPEN PIT","276,918 ",0 ,569 
2013,20134,0200137,30,MILL OPERATION/PREPARATION PLANT,"115,634 ",0 ,237 
2013,20134,0200137,99,OFFICE WORKERS AT MINE SITE,"53,529 ",0 ,110 
2012,20121,0200137,03,"STRIP, QUARY, OPEN PIT","270,064 ",0 ,527 
2012,20121,0200137,30,MILL OPERATION/PREPARATION PLANT,"141,156 ",0 ,222 
2012,20121,0200137,99,OFFICE WORKERS AT MINE SITE,"54,437 ",0 ,102 
2012,20122,0200137,03,"STRIP, QUARY, OPEN PIT","285,897 ",0 ,573 
2012,20122,0200137,30,MILL OPERATION/PREPARATION PLANT,"156,313 ",0 ,212 
2012,20122,0200137,99,OFFICE WORKERS AT MINE SITE,"52,396 ",0 ,107 
2012,20123,0200137,03,"STRIP, QUARY, OPEN PIT","285,217 ",0 ,568 
2012,20123,0200137,30,MILL OPERATION/PREPARATION PLANT,"143,408 ",0 ,253 
2012,20123,0200137,99,OFFICE WORKERS AT MINE SITE,"56,592 ",0 ,112 
2012,20124,0200137,03,"STRIP, QUARY, OPEN PIT","280,808 ",0 ,567 
2012,20124,0200137,30,MILL OPERATION/PREPARATION PLANT,"134,011 ",0 ,251 
2012,20124,0200137,99,OFFICE WORKERS AT MINE SITE,"55,471 ",0 ,111 
2011,20111,0200137,03,"STRIP, QUARY, OPEN PIT","243,009 ",0 ,479 
2011,20111,0200137,30,MILL OPERATION/PREPARATION PLANT,"129,806 ",0 ,224 
2011,20111,0200137,99,OFFICE WORKERS AT MINE SITE,"50,839 ",0 ,96 
2011,20112,0200137,03,"STRIP, QUARY, OPEN PIT","255,576 ",0 ,493 
2011,20112,0200137,30,MILL OPERATION/PREPARATION PLANT,"128,088 ",0 ,221 
2011,20112,0200137,99,OFFICE WORKERS AT MINE SITE,"52,317 ",0 ,97 
2011,20113,0200137,03,"STRIP, QUARY, OPEN PIT","262,882 ",0 ,505 
2011,20113,0200137,30,MILL OPERATION/PREPARATION PLANT,"129,795 ",0 ,221 
2011,20113,0200137,99,OFFICE WORKERS AT MINE SITE,"53,546 ",0 ,99 
2011,20114,0200137,03,"STRIP, QUARY, OPEN PIT","259,294 ",0 ,527 
2011,20114,0200137,30,MILL OPERATION/PREPARATION PLANT,"129,201 ",0 ,220 
2011,20114,0200137,99,OFFICE WORKERS AT MINE SITE,"52,976 ",0 ,102 
2010,20101,0200137,03,"STRIP, QUARY, OPEN PIT","233,574 ",0 ,470 
2010,20101,0200137,30,MILL OPERATION/PREPARATION PLANT,"124,465 ",0 ,222 
2010,20101,0200137,99,OFFICE WORKERS AT MINE SITE,"48,823 ",0 ,94 
2010,20102,0200137,03,"STRIP, QUARY, OPEN PIT","241,668 ",0 ,465 
2010,20102,0200137,30,MILL OPERATION/PREPARATION PLANT,"126,828 ",0 ,222 
2010,20102,0200137,99,OFFICE WORKERS AT MINE SITE,"50,250 ",0 ,93 
2010,20103,0200137,03,"STRIP, QUARY, OPEN PIT","240,401 ",0 ,451 
2010,20103,0200137,30,MILL OPERATION/PREPARATION PLANT,"130,940 ",0 ,241 
2010,20103,0200137,99,OFFICE WORKERS AT MINE SITE,"50,638 ",0 ,94 
2010,20104,0200137,03,"STRIP, QUARY, OPEN PIT","230,142 ",0 ,473 
2010,20104,0200137,30,MILL OPERATION/PREPARATION PLANT,"125,663 ",0 ,227 
2010,20104,0200137,99,OFFICE WORKERS AT MINE SITE,"48,519 ",0 ,95 
2009,20091,0200137,03,"STRIP, QUARY, OPEN PIT","243,959 ",0 ,498 
2009,20091,0200137,30,MILL OPERATION/PREPARATION PLANT,"119,074 ",0 ,221 
2009,20091,0200137,99,OFFICE WORKERS AT MINE SITE,"49,504 ",0 ,98 
2009,20092,0200137,03,"STRIP, QUARY, OPEN PIT","238,359 ",0 ,488 
2009,20092,0200137,30,MILL OPERATION/PREPARATION PLANT,"128,233 ",0 ,227 
2009,20092,0200137,99,OFFICE WORKERS AT MINE SITE,"49,989 ",0 ,98 
2009,20093,0200137,03,"STRIP, QUARY, OPEN PIT","242,011 ",0 ,485 
2009,20093,0200137,30,MILL OPERATION/PREPARATION PLANT,"131,429 ",0 ,228 
2009,20093,0200137,99,OFFICE WORKERS AT MINE SITE,"50,923 ",0 ,97 
2009,20094,0200137,03,"STRIP, QUARY, OPEN PIT","241,329 ",0 ,481 
2009,20094,0200137,30,MILL OPERATION/PREPARATION PLANT,"128,330 ",0 ,219 
2009,20094,0200137,99,OFFICE WORKERS AT MINE SITE,"50,409 ",0 ,96 
2008,20081,0200137,03,"STRIP, QUARY, OPEN PIT","310,226 ",0 ,584 
2008,20081,0200137,30,MILL OPERATION/PREPARATION PLANT,"138,350 ",0 ,252 
2008,20081,0200137,99,OFFICE WORKERS AT MINE SITE,"61,169 ",0 ,114 
2008,20082,0200137,03,"STRIP, QUARY, OPEN PIT","309,775 ",0 ,610 
2008,20082,0200137,30,MILL OPERATION/PREPARATION PLANT,"137,976 ",0 ,259 
2008,20082,0200137,99,OFFICE WORKERS AT MINE SITE,"61,057 ",0 ,118 
2008,20083,0200137,03,"STRIP, QUARY, OPEN PIT","314,354 ",0 ,635 
2008,20083,0200137,30,MILL OPERATION/PREPARATION PLANT,"172,311 ",0 ,265 
2008,20083,0200137,99,OFFICE WORKERS AT MINE SITE,"66,364 ",0 ,123 
2008,20084,0200137,03,"STRIP, QUARY, OPEN PIT","318,700 ",0 ,594 
2008,20084,0200137,30,MILL OPERATION/PREPARATION PLANT,"128,363 ",0 ,235 
2008,20084,0200137,99,OFFICE WORKERS AT MINE SITE,"60,963 ",0 ,113 
2007,20071,0200137,03,"STRIP, QUARY, OPEN PIT","239,201 ",0 ,468 
2007,20071,0200137,30,MILL OPERATION/PREPARATION PLANT,"116,297 ",0 ,221 
2007,20071,0200137,99,OFFICE WORKERS AT MINE SITE,"48,477 ",0 ,94 
2007,20072,0200137,03,"STRIP, QUARY, OPEN PIT","264,484 ",0 ,490 
2007,20072,0200137,30,MILL OPERATION/PREPARATION PLANT,"126,955 ",0 ,231 
2007,20072,0200137,99,OFFICE WORKERS AT MINE SITE,"53,378 ",0 ,99 
2007,20073,0200137,03,"STRIP, QUARY, OPEN PIT","277,238 ",0 ,534 
2007,20073,0200137,30,MILL OPERATION/PREPARATION PLANT,"136,635 ",0 ,244 
2007,20073,0200137,99,OFFICE WORKERS AT MINE SITE,"56,437 ",0 ,106 
2007,20074,0200137,03,"STRIP, QUARY, OPEN PIT","278,116 ",0 ,563 
2007,20074,0200137,30,MILL OPERATION/PREPARATION PLANT,"140,217 ",0 ,249 
2007,20074,0200137,99,OFFICE WORKERS AT MINE SITE,"57,045 ",0 ,111 
2006,20061,0200137,03,"STRIP, QUARY, OPEN PIT","186,125 ",0 ,362 
2006,20061,0200137,30,MILL OPERATION/PREPARATION PLANT,"92,156 ",0 ,187 
2006,20061,0200137,99,OFFICE WORKERS AT MINE SITE,"37,948 ",0 ,75 
2006,20062,0200137,03,"STRIP, QUARY, OPEN PIT","208,160 ",0 ,389 
2006,20062,0200137,30,MILL OPERATION/PREPARATION PLANT,"91,119 ",0 ,199 
2006,20062,0200137,99,OFFICE WORKERS AT MINE SITE,"40,810 ",0 ,80 
2006,20063,0200137,03,"STRIP, QUARY, OPEN PIT","219,071 ",0 ,418 
2006,20063,0200137,30,MILL OPERATION/PREPARATION PLANT,"100,281 ",0 ,207 
2006,20063,0200137,99,OFFICE WORKERS AT MINE SITE,"43,548 ",0 ,85 
2006,20064,0200137,03,"STRIP, QUARY, OPEN PIT","227,081 ",0 ,449 
2006,20064,0200137,30,MILL OPERATION/PREPARATION PLANT,"104,451 ",0 ,209 
2006,20064,0200137,99,OFFICE WORKERS AT MINE SITE,"45,210 ",0 ,90 
2005,20051,0200137,03,"STRIP, QUARY, OPEN PIT","190,864 ",0 ,341 
2005,20051,0200137,30,MILL OPERATION/PREPARATION PLANT,"86,439 ",0 ,167 
2005,20051,0200137,99,OFFICE WORKERS AT MINE SITE,"37,814 ",0 ,69 
2005,20052,0200137,03,"STRIP, QUARY, OPEN PIT","195,927 ",0 ,348 
2005,20052,0200137,30,MILL OPERATION/PREPARATION PLANT,"88,711 ",0 ,168 
2005,20052,0200137,99,OFFICE WORKERS AT MINE SITE,"38,814 ",0 ,71 
2005,20053,0200137,03,"STRIP, QUARY, OPEN PIT","195,669 ",0 ,343 
2005,20053,0200137,30,MILL OPERATION/PREPARATION PLANT,"94,551 ",0 ,178 
2005,20053,0200137,99,OFFICE WORKERS AT MINE SITE,"39,575 ",0 ,71 
2005,20054,0200137,03,"STRIP, QUARY, OPEN PIT","182,595 ",0 ,355 
2005,20054,0200137,30,MILL OPERATION/PREPARATION PLANT,"96,594 ",0 ,180 
2005,20054,0200137,99,OFFICE WORKERS AT MINE SITE,"38,071 ",0 ,73 
2004,20041,0200137,03,"STRIP, QUARY, OPEN PIT","165,422 ",0 ,300 
2004,20041,0200137,30,MILL OPERATION/PREPARATION PLANT,"83,021 ",0 ,149 
2004,20041,0200137,99,OFFICE WORKERS AT MINE SITE,"33,878 ",0 ,61 
2004,20042,0200137,03,"STRIP, QUARY, OPEN PIT","177,915 ",0 ,334 
2004,20042,0200137,30,MILL OPERATION/PREPARATION PLANT,"87,108 ",0 ,155 
2004,20042,0200137,99,OFFICE WORKERS AT MINE SITE,"36,139 ",0 ,67 
2004,20043,0200137,03,"STRIP, QUARY, OPEN PIT","185,401 ",0 ,341 
2004,20043,0200137,30,MILL OPERATION/PREPARATION PLANT,"84,211 ",0 ,153 
2004,20043,0200137,99,OFFICE WORKERS AT MINE SITE,"36,765 ",0 ,68 
2004,20044,0200137,03,"STRIP, QUARY, OPEN PIT","182,892 ",0 ,341 
2004,20044,0200137,30,MILL OPERATION/PREPARATION PLANT,"82,734 ",0 ,148 
2004,20044,0200137,99,OFFICE WORKERS AT MINE SITE,"36,222 ",0 ,67 
2003,20031,0200137,03,"STRIP, QUARY, OPEN PIT","160,256 ",0 ,282 
2003,20031,0200137,30,MILL OPERATION/PREPARATION PLANT,"68,340 ",0 ,125 
2003,20031,0200137,99,OFFICE WORKERS AT MINE SITE,"31,172 ",0 ,56 
2003,20032,0200137,03,"STRIP, QUARY, OPEN PIT","155,681 ",0 ,288 
2003,20032,0200137,30,MILL OPERATION/PREPARATION PLANT,"69,115 ",0 ,126 
2003,20032,0200137,99,OFFICE WORKERS AT MINE SITE,"30,654 ",0 ,56 
2003,20033,0200137,03,"STRIP, QUARY, OPEN PIT","159,504 ",0 ,293 
2003,20033,0200137,30,MILL OPERATION/PREPARATION PLANT,"72,182 ",0 ,132 
2003,20033,0200137,99,OFFICE WORKERS AT MINE SITE,"31,593 ",0 ,58 
2003,20034,0200137,03,"STRIP, QUARY, OPEN PIT","155,000 ",0 ,293 
2003,20034,0200137,30,MILL OPERATION/PREPARATION PLANT,"74,800 ",0 ,137 
2003,20034,0200137,99,OFFICE WORKERS AT MINE SITE,"31,336 ",0 ,59 
2002,20021,0200137,03,"STRIP, QUARY, OPEN PIT","146,551 ",,249 
2002,20021,0200137,30,MILL OPERATION/PREPARATION PLANT,"57,153 ",,93 
2002,20021,0200137,99,OFFICE WORKERS AT MINE SITE,"27,778 ",,47 
2002,20022,0200137,03,"STRIP, QUARY, OPEN PIT","122,119 ",,253 
2002,20022,0200137,30,MILL OPERATION/PREPARATION PLANT,"48,057 ",,95 
2002,20022,0200137,99,OFFICE WORKERS AT MINE SITE,"23,206 ",,47 
2002,20023,0200137,03,"STRIP, QUARY, OPEN PIT","147,513 ",,256 
2002,20023,0200137,30,MILL OPERATION/PREPARATION PLANT,"60,194 ",,98 
2002,20023,0200137,99,OFFICE WORKERS AT MINE SITE,"28,323 ",,48 
2002,20024,0200137,03,"STRIP, QUARY, OPEN PIT","125,888 ",,258 
2002,20024,0200137,30,MILL OPERATION/PREPARATION PLANT,"58,048 ",,115 
2002,20024,0200137,99,OFFICE WORKERS AT MINE SITE,"25,082 ",,51 
2001,20011,0200137,03,"STRIP, QUARY, OPEN PIT","183,812 ",,317 
2001,20011,0200137,30,MILL OPERATION/PREPARATION PLANT,"88,815 ",,153 
2001,20011,0200137,99,OFFICE WORKERS AT MINE SITE,"37,176 ",,64 
2001,20012,0200137,03,"STRIP, QUARY, OPEN PIT","164,168 ",,317 
2001,20012,0200137,30,MILL OPERATION/PREPARATION PLANT,"76,121 ",,155 
2001,20012,0200137,99,OFFICE WORKERS AT MINE SITE,"32,767 ",,64 
2001,20013,0200137,03,"STRIP, QUARY, OPEN PIT","197,985 ",,329 
2001,20013,0200137,30,MILL OPERATION/PREPARATION PLANT,"88,365 ",,144 
2001,20013,0200137,99,OFFICE WORKERS AT MINE SITE,"39,048 ",,65 
2001,20014,0200137,03,"STRIP, QUARY, OPEN PIT","162,937 ",,321 
2001,20014,0200137,30,MILL OPERATION/PREPARATION PLANT,"70,449 ",,145 
2001,20014,0200137,99,OFFICE WORKERS AT MINE SITE,"31,826 ",,64 
2000,20001,0200137,03,"STRIP, QUARY, OPEN PIT","203,383 ",,337 
2000,20001,0200137,99,OFFICE WORKERS AT MINE SITE,"27,734 ",,46 
2000,20002,0200137,03,"STRIP, QUARY, OPEN PIT","161,812 ",,328 
2000,20002,0200137,99,OFFICE WORKERS AT MINE SITE,"22,065 ",,45 
2000,20003,0200137,03,"STRIP, QUARY, OPEN PIT","186,430 ",,323 
2000,20003,0200137,99,OFFICE WORKERS AT MINE SITE,"25,422 ",,44 
2000,20004,0200137,03,"STRIP, QUARY, OPEN PIT","163,367 ",,322 
2000,20004,0200137,99,OFFICE WORKERS AT MINE SITE,"22,277 ",,44 
1999,19991,0200137,03,"STRIP, QUARY, OPEN PIT","162,012 ",,317 
1999,19991,0200137,99,OFFICE WORKERS AT MINE SITE,"22,093 ",,43 
1999,19992,0200137,03,"STRIP, QUARY, OPEN PIT","188,267 ",,323 
1999,19992,0200137,99,OFFICE WORKERS AT MINE SITE,"25,673 ",,44 
1999,19993,0200137,03,"STRIP, QUARY, OPEN PIT","171,472 ",,327 
1999,19993,0200137,99,OFFICE WORKERS AT MINE SITE,"23,383 ",,45 
1999,19994,0200137,03,"STRIP, QUARY, OPEN PIT","197,140 ",,324 
1999,19994,0200137,99,OFFICE WORKERS AT MINE SITE,"26,883 ",,44 
1998,19981,0200137,03,"STRIP, QUARY, OPEN PIT","157,618 ",,311 
1998,19981,0200137,99,OFFICE WORKERS AT MINE SITE,"21,493 ",,42 
1998,19982,0200137,03,"STRIP, QUARY, OPEN PIT","174,152 ",,310 
1998,19982,0200137,99,OFFICE WORKERS AT MINE SITE,"23,748 ",,42 
1998,19983,0200137,03,"STRIP, QUARY, OPEN PIT","158,492 ",,314 
1998,19983,0200137,99,OFFICE WORKERS AT MINE SITE,"21,612 ",,43 
1998,19984,0200137,03,"STRIP, QUARY, OPEN PIT","181,665 ",,316 
1998,19984,0200137,99,OFFICE WORKERS AT MINE SITE,"24,773 ",,43 
1997,19971,0200137,03,"STRIP, QUARY, OPEN PIT","193,921 ",,298 
1997,19971,0200137,30,MILL OPERATION/PREPARATION PLANT,0 ,,0 
1997,19971,0200137,99,OFFICE WORKERS AT MINE SITE,"26,444 ",,41 
1997,19972,0200137,03,"STRIP, QUARY, OPEN PIT","188,023 ",,301 
1997,19972,0200137,99,OFFICE WORKERS AT MINE SITE,"25,639 ",,41 
1997,19973,0200137,03,"STRIP, QUARY, OPEN PIT","170,577 ",,307 
1997,19973,0200137,99,OFFICE WORKERS AT MINE SITE,"23,260 ",,42 
1997,19974,0200137,03,"STRIP, QUARY, OPEN PIT","190,562 ",,314 
1997,19974,0200137,99,OFFICE WORKERS AT MINE SITE,"25,986 ",,43 
1996,19961,0200137,03,"STRIP, QUARY, OPEN PIT","140,940 ",,309 
1996,19961,0200137,99,OFFICE WORKERS AT MINE SITE,"19,219 ",,42 
1996,19962,0200137,03,"STRIP, QUARY, OPEN PIT","164,328 ",,315 
1996,19962,0200137,99,OFFICE WORKERS AT MINE SITE,"22,408 ",,43 
1996,19963,0200137,03,"STRIP, QUARY, OPEN PIT","149,009 ",,311 
1996,19963,0200137,99,OFFICE WORKERS AT MINE SITE,"20,319 ",,42 
1996,19964,0200137,03,"STRIP, QUARY, OPEN PIT","159,550 ",,310 
1996,19964,0200137,99,OFFICE WORKERS AT MINE SITE,"21,757 ",,42 
1995,19951,0200137,03,"STRIP, QUARY, OPEN PIT","127,579 ",,265 
1995,19951,0200137,99,OFFICE WORKERS AT MINE SITE,"17,397 ",,36 
1995,19952,0200137,03,"STRIP, QUARY, OPEN PIT","152,779 ",,278 
1995,19952,0200137,99,OFFICE WORKERS AT MINE SITE,"20,834 ",,38 
1995,19953,0200137,03,"STRIP, QUARY, OPEN PIT","140,529 ",,297 
1995,19953,0200137,99,OFFICE WORKERS AT MINE SITE,"19,163 ",,40 
1995,19954,0200137,03,"STRIP, QUARY, OPEN PIT","151,650 ",,297 
1995,19954,0200137,99,OFFICE WORKERS AT MINE SITE,"20,679 ",,40 
1994,19941,0200137,03,"STRIP, QUARY, OPEN PIT","147,502 ",,319 
1994,19941,0200137,99,OFFICE WORKERS AT MINE SITE,"20,113 ",,43 
1994,19942,0200137,03,"STRIP, QUARY, OPEN PIT","149,146 ",,331 
1994,19942,0200137,99,OFFICE WORKERS AT MINE SITE,"20,338 ",,45 
1994,19943,0200137,03,"STRIP, QUARY, OPEN PIT","186,977 ",,307 
1994,19943,0200137,99,OFFICE WORKERS AT MINE SITE,"25,497 ",,42 
1994,19944,0200137,03,"STRIP, QUARY, OPEN PIT","140,904 ",,264 
1994,19944,0200137,99,OFFICE WORKERS AT MINE SITE,"19,214 ",,36 
1993,19931,0200137,03,"STRIP, QUARY, OPEN PIT","202,676 ",,371 
1993,19931,0200137,99,OFFICE WORKERS AT MINE SITE,"27,638 ",,45 
1993,19932,0200137,03,"STRIP, QUARY, OPEN PIT","184,136 ",,403 
1993,19932,0200137,99,OFFICE WORKERS AT MINE SITE,"25,110 ",,55 
1993,19933,0200137,03,"STRIP, QUARY, OPEN PIT","200,739 ",,377 
1993,19933,0200137,99,OFFICE WORKERS AT MINE SITE,"27,373 ",,51 
1993,19934,0200137,03,"STRIP, QUARY, OPEN PIT","174,232 ",,335 
1993,19934,0200137,99,OFFICE WORKERS AT MINE SITE,"23,759 ",,46 
1992,19921,0200137,03,"STRIP, QUARY, OPEN PIT","221,422 ",,415 
1992,19921,0200137,99,OFFICE WORKERS AT MINE SITE,"30,194 ",,57 
1992,19922,0200137,03,"STRIP, QUARY, OPEN PIT","183,742 ",,414 
1992,19922,0200137,99,OFFICE WORKERS AT MINE SITE,"25,056 ",,57 
1992,19923,0200137,03,"STRIP, QUARY, OPEN PIT","220,105 ",,425 
1992,19923,0200137,99,OFFICE WORKERS AT MINE SITE,"30,014 ",,58 
1992,19924,0200137,03,"STRIP, QUARY, OPEN PIT","217,538 ",,417 
1992,19924,0200137,99,OFFICE WORKERS AT MINE SITE,"29,664 ",,56 
1991,19911,0200137,03,"STRIP, QUARY, OPEN PIT","209,297 ",,396 
1991,19911,0200137,99,OFFICE WORKERS AT MINE SITE,"28,540 ",,54 
1991,19912,0200137,03,"STRIP, QUARY, OPEN PIT","190,051 ",,414 
1991,19912,0200137,99,OFFICE WORKERS AT MINE SITE,"25,916 ",,57 
1991,19913,0200137,03,"STRIP, QUARY, OPEN PIT","229,457 ",,431 
1991,19913,0200137,99,OFFICE WORKERS AT MINE SITE,"31,289 ",,58 
1991,19914,0200137,03,"STRIP, QUARY, OPEN PIT","189,322 ",,422 
1991,19914,0200137,30,MILL OPERATION/PREPARATION PLANT,"25,817 ",,58 
1990,19901,0200137,03,"STRIP, QUARY, OPEN PIT","194,018 ",,359 
1990,19901,0200137,99,OFFICE WORKERS AT MINE SITE,"26,457 ",,49 
1990,19902,0200137,03,"STRIP, QUARY, OPEN PIT","170,753 ",,366 
1990,19902,0200137,99,OFFICE WORKERS AT MINE SITE,"23,283 ",,49 
1990,19903,0200137,03,"STRIP, QUARY, OPEN PIT","206,049 ",,363 
1990,19903,0200137,99,OFFICE WORKERS AT MINE SITE,"28,098 ",,50 
1990,19904,0200137,03,"STRIP, QUARY, OPEN PIT","175,342 ",,374 
1990,19904,0200137,99,OFFICE WORKERS AT MINE SITE,"23,910 ",,51 
1989,19891,0200137,03,"STRIP, QUARY, OPEN PIT","101,179 ",,315 
1989,19891,0200137,99,OFFICE WORKERS AT MINE SITE,"26,069 ",,43 
1989,19892,0200137,03,"STRIP, QUARY, OPEN PIT","166,925 ",,334 
1989,19892,0200137,99,OFFICE WORKERS AT MINE SITE,"22,763 ",,45 
1989,19893,0200137,03,"STRIP, QUARY, OPEN PIT","204,807 ",,341 
1989,19893,0200137,99,OFFICE WORKERS AT MINE SITE,"27,927 ",,46 
1989,19894,0200137,03,"STRIP, QUARY, OPEN PIT","168,122 ",,377 
1989,19894,0200137,99,OFFICE WORKERS AT MINE SITE,"22,926 ",,34 
1988,19881,0200137,03,"STRIP, QUARY, OPEN PIT","182,249 ",,318 
1988,19881,0200137,99,OFFICE WORKERS AT MINE SITE,"24,852 ",,44 
1988,19882,0200137,03,"STRIP, QUARY, OPEN PIT","161,827 ",,323 
1988,19882,0200137,99,OFFICE WORKERS AT MINE SITE,"22,067 ",,44 
1988,19883,0200137,03,"STRIP, QUARY, OPEN PIT","193,759 ",,319 
1988,19883,0200137,99,OFFICE WORKERS AT MINE SITE,"26,421 ",,44 
1988,19884,0200137,03,"STRIP, QUARY, OPEN PIT","164,443 ",,321 
1988,19884,0200137,99,OFFICE WORKERS AT MINE SITE,"22,423 ",,44 
1987,19871,0200137,03,"STRIP, QUARY, OPEN PIT","136,303 ",,330 
1987,19871,0200137,99,OFFICE WORKERS AT MINE SITE,"18,587 ",,40 
1987,19872,0200137,03,"STRIP, QUARY, OPEN PIT","168,653 ",,304 
1987,19872,0200137,99,OFFICE WORKERS AT MINE SITE,"22,998 ",,42 
1987,19873,0200137,03,"STRIP, QUARY, OPEN PIT","168,382 ",,301 
1987,19873,0200137,99,OFFICE WORKERS AT MINE SITE,"2,045 ",,41 
1987,19874,0200137,03,"STRIP, QUARY, OPEN PIT","202,391 ",,320 
1987,19874,0200137,99,OFFICE WORKERS AT MINE SITE,"2,458 ",,44 
1986,19861,0200137,03,"STRIP, QUARY, OPEN PIT","122,084 ",,263 
1986,19861,0200137,99,OFFICE WORKERS AT MINE SITE,"16,648 ",,36 
1986,19862,0200137,03,"STRIP, QUARY, OPEN PIT","150,354 ",,266 
1986,19862,0200137,99,OFFICE WORKERS AT MINE SITE,"20,503 ",,36 
1986,19863,0200137,03,"STRIP, QUARY, OPEN PIT","131,615 ",,264 
1986,19863,0200137,99,OFFICE WORKERS AT MINE SITE,"17,947 ",,36 
1986,19864,0200137,03,"STRIP, QUARY, OPEN PIT","172,948 ",,282 
1986,19864,0200137,99,OFFICE WORKERS AT MINE SITE,"20,754 ",,37 
1985,19851,0200137,03,"STRIP, QUARY, OPEN PIT","33,921 ",,212 
1985,19851,0200137,99,OFFICE WORKERS AT MINE SITE,"4,626 ",,28 
1985,19852,0200137,03,"STRIP, QUARY, OPEN PIT","103,413 ",,185 
1985,19852,0200137,99,OFFICE WORKERS AT MINE SITE,"14,102 ",,25 
1985,19853,0200137,03,"STRIP, QUARY, OPEN PIT","138,440 ",,249 
1985,19853,0200137,99,OFFICE WORKERS AT MINE SITE,"16,927 ",,34 
1985,19854,0200137,03,"STRIP, QUARY, OPEN PIT","122,357 ",,256 
1985,19854,0200137,99,OFFICE WORKERS AT MINE SITE,"16,685 ",,35 
1984,19841,0200137,03,"STRIP, QUARY, OPEN PIT","160,816 ",,185 
1984,19841,0200137,99,OFFICE WORKERS AT MINE SITE,"14,473 ",,17 
1984,19842,0200137,03,"STRIP, QUARY, OPEN PIT","24,350 ",,67 
1984,19842,0200137,99,OFFICE WORKERS AT MINE SITE,"3,840 ",,7 
1984,19843,0200137,03,"STRIP, QUARY, OPEN PIT","42,219 ",,94 
1984,19843,0200137,99,OFFICE WORKERS AT MINE SITE,"6,309 ",,14 
1984,19844,0200137,03,"STRIP, QUARY, OPEN PIT","102,025 ",,243 
1984,19844,0200137,99,OFFICE WORKERS AT MINE SITE,"13,913 ",,31 
1983,19831,0200137,03,"STRIP, QUARY, OPEN PIT","288,256 ",,563 
1983,19831,0200137,99,OFFICE WORKERS AT MINE SITE,"7,680 ",,15 
1983,19832,0200137,03,"STRIP, QUARY, OPEN PIT","305,240 ",,587 
1983,19832,0200137,99,OFFICE WORKERS AT MINE SITE,"9,880 ",,19 
1983,19833,0200137,03,"STRIP, QUARY, OPEN PIT","426,880 ",,550 
1983,19833,0200137,99,OFFICE WORKERS AT MINE SITE,"12,512 ",,17 
1983,19834,0200137,03,"STRIP, QUARY, OPEN PIT","407,744 ",,554 
1983,19834,0200137,99,OFFICE WORKERS AT MINE SITE,"10,304 ",,14 
