,ActivityMediaSubdivisionName,ActivityStartDate,MonitoringLocationIdentifier,ActivityLocation/LatitudeMeasure,ActivityLocation/LongitudeMeasure,CharacteristicName,ResultMeasureValue
1255,,2021-10-12,AK-CHIN_WQX-LCR-21,33.00017,-112.07,Magnesium,20.0
1160,,2021-10-12,AK-CHIN_WQX-LTP-20,33.0165,-112.0405,Magnesium,23.0
1162,Surface Water,2020-06-11,AZDEQ_SW-1005,34.9965278,-111.7496944,Magnesium,23.0
1373,Surface Water,2020-04-07,AZDEQ_SW-1048,34.6387122,-113.2072044,Magnesium,13.0
1258,Surface Water,2020-04-27,AZDEQ_SW-1048,34.6387122,-113.2072044,Magnesium,20.0
189,Surface Water,2020-04-07,AZDEQ_SW-1049,34.6333333,-113.2116661,Magnesium,120.0
1411,Surface Water,2020-04-07,AZDEQ_SW-1066,34.6327697,-113.2124647,Magnesium,11.0
274,Surface Water,2020-11-12,AZDEQ_SW-1066,34.6327697,-113.2124647,Magnesium,96.0
1412,Surface Water,2020-04-07,AZDEQ_SW-1071,34.6141431,-113.2206147,Magnesium,11.0
1413,Surface Water,2020-04-07,AZDEQ_SW-1071,34.6141431,-113.2206147,Magnesium,11.0
1323,Surface Water,2020-04-28,AZDEQ_SW-1071,34.6141431,-113.2206147,Magnesium,17.0
961,Surface Water,2021-12-07,AZDEQ_SW-1071,34.6141431,-113.2206147,Magnesium,33.0
1766,Surface Water,2020-01-09,AZDEQ_SW-1122,34.6294444,-113.1513889,Magnesium,3.5
1767,Surface Water,2020-01-09,AZDEQ_SW-1122,34.6294444,-113.1513889,Magnesium,3.5
2008,Surface Water,2020-08-18,AZDEQ_SW-1271,33.3263219,-110.9064242,Magnesium,
2009,Surface Water,2020-08-18,AZDEQ_SW-1271,33.3263219,-110.9064242,Magnesium,
1828,Surface Water,2020-08-16,AZDEQ_SW-1272,33.3259175,-110.9215853,Magnesium,2.9
1450,Surface Water,2020-08-18,AZDEQ_SW-1272,33.3259175,-110.9215853,Magnesium,9.4
1774,Surface Water,2020-08-18,AZDEQ_SW-1272,33.3259175,-110.9215853,Magnesium,3.4
1842,Surface Water,2020-08-18,AZDEQ_SW-1272,33.3259175,-110.9215853,Magnesium,2.7
438,Surface Water,2020-09-03,AZDEQ_SW-1276,33.4396083,-111.0640075,Magnesium,67.0
500,Surface Water,2020-09-03,AZDEQ_SW-1276,33.4396083,-111.0640075,Magnesium,63.0
1455,Surface Water,2020-03-03,AZDEQ_SW-1284,31.4400083,-109.9108297,Magnesium,9.1
1414,Surface Water,2020-03-12,AZDEQ_SW-1284,31.4400083,-109.9108297,Magnesium,11.0
1533,Surface Water,2020-03-18,AZDEQ_SW-1284,31.4400083,-109.9108297,Magnesium,6.5
1775,Surface Water,2020-02-11,AZDEQ_SW-1285,31.431919,-109.893785,Magnesium,3.4
1760,Surface Water,2020-03-03,AZDEQ_SW-1285,31.431919,-109.893785,Magnesium,3.6
1764,Surface Water,2020-03-03,AZDEQ_SW-1285,31.431919,-109.893785,Magnesium,3.5
1491,Surface Water,2020-03-12,AZDEQ_SW-1285,31.431919,-109.893785,Magnesium,7.6
1552,Surface Water,2020-03-18,AZDEQ_SW-1285,31.431919,-109.893785,Magnesium,6.2
1340,Surface Water,2020-03-12,AZDEQ_SW-1286,31.4292803,-109.8629056,Magnesium,15.0
1341,Surface Water,2020-03-12,AZDEQ_SW-1286,31.4292803,-109.8629056,Magnesium,15.0
1330,Surface Water,2020-03-18,AZDEQ_SW-1286,31.4292803,-109.8629056,Magnesium,16.0
1364,Surface Water,2020-03-12,AZDEQ_SW-129,31.4414911,-109.8254953,Magnesium,13.0
1353,Surface Water,2020-03-18,AZDEQ_SW-129,31.4414911,-109.8254953,Magnesium,14.0
1138,Surface Water,2020-11-18,AZDEQ_SW-1338,35.2202778,-114.5672222,Magnesium,24.0
1855,Surface Water,2020-01-24,AZDEQ_SW-1352,33.3251119,-110.92275,Magnesium,2.6
1856,Surface Water,2020-01-24,AZDEQ_SW-1352,33.3251119,-110.92275,Magnesium,2.6
1393,Surface Water,2021-03-26,AZDEQ_SW-1414,34.4254167,-112.4251944,Magnesium,12.0
1394,Surface Water,2021-03-26,AZDEQ_SW-1414,34.4254167,-112.4251944,Magnesium,12.0
1096,Surface Water,2020-05-19,AZDEQ_SW-154,31.5158333,-110.7927778,Magnesium,26.0
1097,Surface Water,2020-05-19,AZDEQ_SW-154,31.5158333,-110.7927778,Magnesium,26.0
1497,Surface Water,2020-01-09,AZDEQ_SW-1545,34.4241667,-112.4258333,Magnesium,7.4
1501,Surface Water,2020-01-09,AZDEQ_SW-1545,34.4241667,-112.4258333,Magnesium,7.3
1465,Surface Water,2021-03-26,AZDEQ_SW-1545,34.4241667,-112.4258333,Magnesium,9.0
1473,Surface Water,2021-03-26,AZDEQ_SW-1545,34.4241667,-112.4258333,Magnesium,8.6
1485,Surface Water,2021-03-26,AZDEQ_SW-1551,34.4227778,-112.4272222,Magnesium,8.0
1490,Surface Water,2021-03-26,AZDEQ_SW-1551,34.4227778,-112.4272222,Magnesium,7.7
1399,Surface Water,2021-11-17,AZDEQ_SW-1590,34.4335,-112.4185,Magnesium,12.0
1682,Surface Water,2020-05-04,AZDEQ_SW-1591,34.4331944,-112.4193611,Magnesium,4.7
1705,Surface Water,2020-05-04,AZDEQ_SW-1591,34.4331944,-112.4193611,Magnesium,4.5
1706,Surface Water,2020-05-04,AZDEQ_SW-1591,34.4331944,-112.4193611,Magnesium,4.5
1718,Surface Water,2020-05-04,AZDEQ_SW-1591,34.4331944,-112.4193611,Magnesium,4.4
1002,Surface Water,2021-04-15,AZDEQ_SW-181,32.8427778,-110.7172222,Magnesium,31.0
1025,Surface Water,2021-04-15,AZDEQ_SW-181,32.8427778,-110.7172222,Magnesium,30.0
1230,Surface Water,2020-03-04,AZDEQ_SW-192,31.4986111,-110.8480556,Magnesium,21.0
1079,Surface Water,2020-09-01,AZDEQ_SW-205,33.7212222,-110.8171111,Magnesium,27.0
888,Surface Water,2020-05-12,AZDEQ_SW-2059,34.4169444,-111.6037222,Magnesium,36.0
889,Surface Water,2020-05-12,AZDEQ_SW-2059,34.4169444,-111.6037222,Magnesium,36.0
890,Surface Water,2020-05-12,AZDEQ_SW-2059,34.4169444,-111.6037222,Magnesium,36.0
906,Surface Water,2020-05-12,AZDEQ_SW-2059,34.4169444,-111.6037222,Magnesium,35.0
1299,Surface Water,2020-11-24,AZDEQ_SW-2153,33.5389722,-109.2786111,Magnesium,19.0
1415,Surface Water,2020-05-01,AZDEQ_SW-2322,34.4257778,-112.3750556,Magnesium,11.0
1416,Surface Water,2020-05-01,AZDEQ_SW-2322,34.4257778,-112.3750556,Magnesium,11.0
1322,Surface Water,2020-10-28,AZDEQ_SW-234,33.2921667,-109.1953056,Magnesium,17.0
1059,Surface Water,2020-02-19,AZDEQ_SW-2364,34.3192222,-111.4575056,Magnesium,28.0
996,Surface Water,2020-04-30,AZDEQ_SW-2364,34.3192222,-111.4575056,Magnesium,31.0
1037,Surface Water,2021-04-14,AZDEQ_SW-2410,32.8125597,-110.6996197,Magnesium,29.0
1038,Surface Water,2021-04-14,AZDEQ_SW-2410,32.8125597,-110.6996197,Magnesium,29.0
1056,Surface Water,2021-04-14,AZDEQ_SW-2410,32.8125597,-110.6996197,Magnesium,28.0
271,Surface Water,2020-12-19,AZDEQ_SW-2418,32.7627222,-114.3755722,Magnesium,97.0
552,Surface Water,2020-12-19,AZDEQ_SW-2420,32.7436167,-114.44125,Magnesium,57.0
1099,Surface Water,2020-05-19,AZDEQ_SW-2439,31.5167778,-110.7843056,Magnesium,26.0
1113,Surface Water,2020-05-19,AZDEQ_SW-2439,31.5167778,-110.7843056,Magnesium,25.0
1319,Surface Water,2020-04-30,AZDEQ_SW-2440,34.4535,-112.3064722,Magnesium,17.0
1320,Surface Water,2020-04-30,AZDEQ_SW-2440,34.4535,-112.3064722,Magnesium,17.0
1321,Surface Water,2020-04-30,AZDEQ_SW-2440,34.4535,-112.3064722,Magnesium,17.0
1327,Surface Water,2020-04-30,AZDEQ_SW-2440,34.4535,-112.3064722,Magnesium,16.0
995,Surface Water,2021-04-15,AZDEQ_SW-2446,32.82925,-110.7050278,Magnesium,31.0
1020,Surface Water,2021-04-15,AZDEQ_SW-2446,32.82925,-110.7050278,Magnesium,30.0
1395,Surface Water,2021-03-26,AZDEQ_SW-2626,34.4253056,-112.4253333,Magnesium,12.0
1396,Surface Water,2021-03-26,AZDEQ_SW-2626,34.4253056,-112.4253333,Magnesium,12.0
1163,Surface Water,2020-07-07,AZDEQ_SW-264,33.9379444,-112.6996944,Magnesium,23.0
1164,Surface Water,2020-07-07,AZDEQ_SW-264,33.9379444,-112.6996944,Magnesium,23.0
1257,Surface Water,2020-05-06,AZDEQ_SW-267,34.4261389,-112.4335,Magnesium,20.0
1287,Surface Water,2020-05-06,AZDEQ_SW-267,34.4261389,-112.4335,Magnesium,19.0
1039,Surface Water,2021-11-17,AZDEQ_SW-267,34.4261389,-112.4335,Magnesium,29.0
1313,Surface Water,2020-02-19,AZDEQ_SW-2673,32.7528556,-110.4770583,Magnesium,18.0
1314,Surface Water,2020-02-19,AZDEQ_SW-2673,32.7528556,-110.4770583,Magnesium,18.0
1080,Surface Water,2020-02-19,AZDEQ_SW-2675,32.7491667,-110.4988778,Magnesium,27.0
1081,Surface Water,2020-02-19,AZDEQ_SW-2675,32.7491667,-110.4988778,Magnesium,27.0
1082,Surface Water,2020-02-19,AZDEQ_SW-2676,32.7488444,-110.4995194,Magnesium,27.0
1083,Surface Water,2020-02-19,AZDEQ_SW-2676,32.7488444,-110.4995194,Magnesium,27.0
1114,Surface Water,2020-11-18,AZDEQ_SW-28,35.1983333,-114.5686111,Magnesium,25.0
1328,Surface Water,2020-01-28,AZDEQ_SW-283,34.8952228,-112.2054456,Magnesium,16.0
1383,Surface Water,2020-03-12,AZDEQ_SW-295,31.4415,-109.9189722,Magnesium,12.0
1484,Surface Water,2020-03-18,AZDEQ_SW-295,31.4415,-109.9189722,Magnesium,8.0
1467,Surface Water,2020-11-24,AZDEQ_SW-304,33.7715347,-109.1873933,Magnesium,8.9
1352,Surface Water,2020-01-07,AZDEQ_SW-310,33.822965,-110.86081,Magnesium,14.0
1019,Surface Water,2020-09-01,AZDEQ_SW-310,33.822965,-110.86081,Magnesium,30.0
1264,Surface Water,2020-09-11,AZDEQ_SW-344,36.4081783,-112.0786444,Magnesium,20.0
1231,Surface Water,2020-11-17,AZDEQ_SW-344,36.4081783,-112.0786444,Magnesium,21.0
1232,Surface Water,2021-05-11,AZDEQ_SW-344,36.4081783,-112.0786444,Magnesium,21.0
1487,Surface Water,2020-02-19,AZDEQ_SW-348,34.4210325,-111.4409,Magnesium,7.8
1189,Surface Water,2020-02-20,AZDEQ_SW-418,34.5386111,-111.6941667,Magnesium,22.0
1384,Surface Water,2021-03-26,AZDEQ_SW-457,34.4255814,-112.4257236,Magnesium,12.0
1385,Surface Water,2021-03-26,AZDEQ_SW-457,34.4255814,-112.4257236,Magnesium,12.0
942,Surface Water,2020-08-01,AZDEQ_SW-460,31.4802206,-110.7368017,Magnesium,34.0
959,Surface Water,2020-08-01,AZDEQ_SW-460,31.4802206,-110.7368017,Magnesium,33.0
1165,Surface Water,2020-08-01,AZDEQ_SW-460,31.4802206,-110.7368017,Magnesium,23.0
980,Surface Water,2020-08-02,AZDEQ_SW-460,31.4802206,-110.7368017,Magnesium,32.0
382,Surface Water,2020-08-31,AZDEQ_SW-460,31.4802206,-110.7368017,Magnesium,75.0
1072,Surface Water,2020-08-15,AZDEQ_SW-462,31.4733181,-110.7328167,Magnesium,27.0
850,Surface Water,2020-08-31,AZDEQ_SW-462,31.4733181,-110.7328167,Magnesium,38.0
904,Surface Water,2020-08-01,AZDEQ_SW-471,31.4837511,-110.7377242,Magnesium,35.0
960,Surface Water,2020-08-01,AZDEQ_SW-471,31.4837511,-110.7377242,Magnesium,33.0
1021,Surface Water,2020-08-01,AZDEQ_SW-471,31.4837511,-110.7377242,Magnesium,30.0
864,Surface Water,2020-08-02,AZDEQ_SW-471,31.4837511,-110.7377242,Magnesium,37.0
291,Surface Water,2020-08-31,AZDEQ_SW-471,31.4837511,-110.7377242,Magnesium,91.0
292,Surface Water,2020-08-31,AZDEQ_SW-471,31.4837511,-110.7377242,Magnesium,91.0
1623,Surface Water,2020-05-18,AZDEQ_SW-473,31.4767444,-110.7733208,Magnesium,5.2
1635,Surface Water,2020-05-18,AZDEQ_SW-473,31.4767444,-110.7733208,Magnesium,5.1
1329,Surface Water,2021-11-17,AZDEQ_SW-494,34.4329444,-112.4203333,Magnesium,16.0
997,Surface Water,2020-02-19,AZDEQ_SW-496,32.7482306,-110.5042931,Magnesium,31.0
998,Surface Water,2020-02-19,AZDEQ_SW-496,32.7482306,-110.5042931,Magnesium,31.0
999,Surface Water,2020-02-19,AZDEQ_SW-496,32.7482306,-110.5042931,Magnesium,31.0
1000,Surface Water,2020-02-19,AZDEQ_SW-496,32.7482306,-110.5042931,Magnesium,31.0
1765,Surface Water,2020-03-05,AZDEQ_SW-499,33.9908056,-109.4531944,Magnesium,3.5
1409,Surface Water,2020-04-07,AZDEQ_SW-532,34.6258442,-113.2166667,Magnesium,11.0
1365,Surface Water,2020-01-24,AZDEQ_SW-562,33.3254453,-110.9238911,Magnesium,13.0
1366,Surface Water,2020-01-24,AZDEQ_SW-562,33.3254453,-110.9238911,Magnesium,13.0
1367,Surface Water,2020-01-24,AZDEQ_SW-562,33.3254453,-110.9238911,Magnesium,13.0
1371,Surface Water,2020-01-24,AZDEQ_SW-562,33.3254453,-110.9238911,Magnesium,13.0
1354,Surface Water,2020-03-11,AZDEQ_SW-562,33.3254453,-110.9238911,Magnesium,14.0
1368,Surface Water,2020-03-11,AZDEQ_SW-562,33.3254453,-110.9238911,Magnesium,13.0
1369,Surface Water,2020-03-11,AZDEQ_SW-562,33.3254453,-110.9238911,Magnesium,13.0
1370,Surface Water,2020-03-11,AZDEQ_SW-562,33.3254453,-110.9238911,Magnesium,13.0
1372,Surface Water,2020-03-11,AZDEQ_SW-562,33.3254453,-110.9238911,Magnesium,13.0
1386,Surface Water,2020-03-11,AZDEQ_SW-562,33.3254453,-110.9238911,Magnesium,12.0
1387,Surface Water,2020-03-11,AZDEQ_SW-562,33.3254453,-110.9238911,Magnesium,12.0
1388,Surface Water,2020-03-11,AZDEQ_SW-562,33.3254453,-110.9238911,Magnesium,12.0
1389,Surface Water,2020-03-11,AZDEQ_SW-562,33.3254453,-110.9238911,Magnesium,12.0
1390,Surface Water,2020-03-11,AZDEQ_SW-562,33.3254453,-110.9238911,Magnesium,12.0
1763,Surface Water,2020-01-24,AZDEQ_SW-571,33.3464725,-110.9451139,Magnesium,3.5
1784,Surface Water,2020-01-24,AZDEQ_SW-571,33.3464725,-110.9451139,Magnesium,3.3
2007,Surface Water,2020-03-11,AZDEQ_SW-586,31.8689389,-109.2371192,Magnesium,
1410,Surface Water,2020-11-24,AZDEQ_SW-603,33.7381667,-109.0706944,Magnesium,11.0
1418,Surface Water,2021-05-07,AZDEQ_SW-61706,34.436924,-112.367036,Magnesium,11.0
1419,Surface Water,2021-05-07,AZDEQ_SW-61706,34.436924,-112.367036,Magnesium,11.0
1398,Surface Water,2020-05-01,AZDEQ_SW-61759,34.43641,-112.36469,Magnesium,12.0
1425,Surface Water,2020-05-01,AZDEQ_SW-61759,34.43641,-112.36469,Magnesium,11.0
1843,Surface Water,2020-03-11,AZDEQ_SW-61788,33.35729,-110.9699,Magnesium,2.7
1844,Surface Water,2020-03-11,AZDEQ_SW-61788,33.35729,-110.9699,Magnesium,2.7
1845,Surface Water,2020-03-11,AZDEQ_SW-61788,33.35729,-110.9699,Magnesium,2.7
1857,Surface Water,2020-03-11,AZDEQ_SW-61788,33.35729,-110.9699,Magnesium,2.6
1858,Surface Water,2020-03-11,AZDEQ_SW-61788,33.35729,-110.9699,Magnesium,2.6
1859,Surface Water,2020-03-11,AZDEQ_SW-61788,33.35729,-110.9699,Magnesium,2.6
1874,Surface Water,2020-03-11,AZDEQ_SW-61788,33.35729,-110.9699,Magnesium,2.4
1875,Surface Water,2020-03-11,AZDEQ_SW-61788,33.35729,-110.9699,Magnesium,2.4
1882,Surface Water,2020-03-11,AZDEQ_SW-61788,33.35729,-110.9699,Magnesium,2.3
1885,Surface Water,2020-03-11,AZDEQ_SW-61788,33.35729,-110.9699,Magnesium,2.2
1077,Surface Water,2020-05-18,AZDEQ_SW-61935,31.499,-110.816,Magnesium,27.0
1078,Surface Water,2020-05-18,AZDEQ_SW-61935,31.499,-110.816,Magnesium,27.0
1667,Surface Water,2020-03-11,AZDEQ_SW-61977,33.356302,-110.968994,Magnesium,4.8
1695,Surface Water,2020-03-11,AZDEQ_SW-61977,33.356302,-110.968994,Magnesium,4.6
1324,Surface Water,2020-01-15,AZDEQ_SW-62031,34.05594,-112.16056,Magnesium,17.0
1229,Surface Water,2020-02-04,AZDEQ_SW-62031,34.05594,-112.16056,Magnesium,21.0
1294,Surface Water,2020-01-23,AZDEQ_SW-62117,31.48388,-110.71364,Magnesium,19.0
1295,Surface Water,2020-01-23,AZDEQ_SW-62117,31.48388,-110.71364,Magnesium,19.0
1296,Surface Water,2020-01-23,AZDEQ_SW-62117,31.48388,-110.71364,Magnesium,19.0
1312,Surface Water,2020-01-23,AZDEQ_SW-62117,31.48388,-110.71364,Magnesium,18.0
1356,Surface Water,2020-01-24,AZDEQ_SW-62119,33.32397,-110.9151,Magnesium,14.0
1377,Surface Water,2020-01-24,AZDEQ_SW-62119,33.32397,-110.9151,Magnesium,13.0
1375,Surface Water,2020-03-11,AZDEQ_SW-62119,33.32397,-110.9151,Magnesium,13.0
1376,Surface Water,2020-03-11,AZDEQ_SW-62119,33.32397,-110.9151,Magnesium,13.0
1400,Surface Water,2020-03-11,AZDEQ_SW-62119,33.32397,-110.9151,Magnesium,12.0
1427,Surface Water,2020-03-11,AZDEQ_SW-62119,33.32397,-110.9151,Magnesium,11.0
1518,Surface Water,2020-01-23,AZDEQ_SW-62146,31.484677,-110.719924,Magnesium,6.8
1527,Surface Water,2020-01-23,AZDEQ_SW-62146,31.484677,-110.719924,Magnesium,6.6
1836,Surface Water,2020-01-23,AZDEQ_SW-62158,31.48477,-110.72054,Magnesium,2.8
1848,Surface Water,2020-01-23,AZDEQ_SW-62158,31.48477,-110.72054,Magnesium,2.7
363,Surface Water,2020-08-01,AZDEQ_SW-62212,31.496,-110.811,Magnesium,79.0
427,Surface Water,2020-08-01,AZDEQ_SW-62212,31.496,-110.811,Magnesium,69.0
651,Surface Water,2020-08-01,AZDEQ_SW-62212,31.496,-110.811,Magnesium,48.0
664,Surface Water,2020-08-01,AZDEQ_SW-62212,31.496,-110.811,Magnesium,47.0
1798,Surface Water,2020-08-01,AZDEQ_SW-62212,31.496,-110.811,Magnesium,3.2
1799,Surface Water,2020-08-01,AZDEQ_SW-62212,31.496,-110.811,Magnesium,3.2
1862,Surface Water,2020-08-01,AZDEQ_SW-62212,31.496,-110.811,Magnesium,2.6
2010,Surface Water,2020-08-01,AZDEQ_SW-62212,31.496,-110.811,Magnesium,
1519,Surface Water,2021-03-23,AZDEQ_SW-62222,34.418204,-112.418169,Magnesium,6.8
1528,Surface Water,2021-03-23,AZDEQ_SW-62222,34.418204,-112.418169,Magnesium,6.6
1001,Surface Water,2021-05-07,AZDEQ_SW-62222,34.418204,-112.418169,Magnesium,31.0
1022,Surface Water,2021-05-07,AZDEQ_SW-62222,34.418204,-112.418169,Magnesium,30.0
1696,Surface Water,2021-03-23,AZDEQ_SW-62328,34.417299,-112.417531,Magnesium,4.6
1707,Surface Water,2021-03-23,AZDEQ_SW-62328,34.417299,-112.417531,Magnesium,4.5
1754,Surface Water,2020-08-01,AZDEQ_SW-62362,31.476056,-110.771667,Magnesium,3.9
1823,Surface Water,2020-08-01,AZDEQ_SW-62362,31.476056,-110.771667,Magnesium,3.0
1877,Surface Water,2020-08-01,AZDEQ_SW-62362,31.476056,-110.771667,Magnesium,2.4
2011,Surface Water,2020-08-01,AZDEQ_SW-62362,31.476056,-110.771667,Magnesium,
2013,Surface Water,2020-08-01,AZDEQ_SW-62362,31.476056,-110.771667,Magnesium,
2014,Surface Water,2020-08-01,AZDEQ_SW-62362,31.476056,-110.771667,Magnesium,
2015,Surface Water,2020-08-01,AZDEQ_SW-62362,31.476056,-110.771667,Magnesium,
2017,Surface Water,2020-08-01,AZDEQ_SW-62362,31.476056,-110.771667,Magnesium,
2016,Surface Water,2020-08-05,AZDEQ_SW-62362,31.476056,-110.771667,Magnesium,
1439,Surface Water,2020-01-23,AZDEQ_SW-62368,31.484622,-110.718604,Magnesium,10.0
1443,Surface Water,2020-01-23,AZDEQ_SW-62368,31.484622,-110.718604,Magnesium,9.9
1024,Surface Water,2020-03-10,AZDEQ_SW-62370,31.494384,-110.706089,Magnesium,30.0
1061,Surface Water,2020-03-10,AZDEQ_SW-62370,31.494384,-110.706089,Magnesium,28.0
191,Surface Water,2020-03-10,AZDEQ_SW-62371,31.494565,-110.706084,Magnesium,120.0
192,Surface Water,2020-03-10,AZDEQ_SW-62371,31.494565,-110.706084,Magnesium,120.0
237,Surface Water,2020-03-10,AZDEQ_SW-62371,31.494565,-110.706084,Magnesium,110.0
265,Surface Water,2020-03-10,AZDEQ_SW-62371,31.494565,-110.706084,Magnesium,100.0
1300,Surface Water,2020-02-19,AZDEQ_SW-62402,32.750703,-110.479004,Magnesium,19.0
1301,Surface Water,2020-02-19,AZDEQ_SW-62402,32.750703,-110.479004,Magnesium,19.0
1345,Surface Water,2020-03-10,AZDEQ_SW-62420,31.48465,-110.70937,Magnesium,15.0
1346,Surface Water,2020-03-10,AZDEQ_SW-62420,31.48465,-110.70937,Magnesium,15.0
293,Surface Water,2020-03-10,AZDEQ_SW-62421,31.50621,-110.70522,Magnesium,91.0
298,Surface Water,2020-03-10,AZDEQ_SW-62421,31.50621,-110.70522,Magnesium,90.0
1626,Surface Water,2020-03-19,AZDEQ_SW-62726,33.21775,-110.99525,Magnesium,5.2
1653,Surface Water,2020-03-19,AZDEQ_SW-62727,33.214711,-110.995508,Magnesium,5.0
1761,Surface Water,2020-02-26,AZDEQ_SW-63,35.2419444,-112.1869444,Magnesium,3.6
1768,Surface Water,2020-02-26,AZDEQ_SW-63,35.2419444,-112.1869444,Magnesium,3.5
784,Surface Water,2020-01-15,AZDEQ_SW-670,34.3140572,-112.0614064,Magnesium,40.0
819,Surface Water,2020-01-15,AZDEQ_SW-670,34.3140572,-112.0614064,Magnesium,39.0
720,Surface Water,2020-02-04,AZDEQ_SW-670,34.3140572,-112.0614064,Magnesium,43.0
1495,Surface Water,2020-07-21,AZDEQ_SW-681,32.91102,-110.5503894,Magnesium,7.4
1496,Surface Water,2020-07-21,AZDEQ_SW-681,32.91102,-110.5503894,Magnesium,7.4
1417,Surface Water,2020-01-07,AZDEQ_SW-695,33.8284236,-110.857095,Magnesium,11.0
1493,Surface Water,2020-02-18,AZDEQ_SW-707,34.3789003,-111.1755372,Magnesium,7.4
1893,Surface Water,2020-01-22,AZDEQ_SW-718,32.6518831,-109.9251794,Magnesium,1.8
1894,Surface Water,2020-01-22,AZDEQ_SW-718,32.6518831,-109.9251794,Magnesium,1.8
1391,Surface Water,2020-04-07,AZDEQ_SW-763,34.6382778,-113.2120278,Magnesium,12.0
1261,Surface Water,2020-01-28,AZDEQ_SW-829,34.8651667,-112.4294167,Magnesium,20.0
1262,Surface Water,2020-01-28,AZDEQ_SW-829,34.8651667,-112.4294167,Magnesium,20.0
1199,Surface Water,2020-01-28,AZDEQ_SW-830,34.8619444,-112.4327778,Magnesium,22.0
1464,Surface Water,2020-01-28,AZDEQ_SW-831,34.8636111,-112.0772222,Magnesium,9.0
1263,Surface Water,2020-01-28,AZDEQ_SW-832,34.8644444,-112.0833056,Magnesium,20.0
1331,Surface Water,2020-01-28,AZDEQ_SW-839,34.8938889,-112.2133333,Magnesium,16.0
886,Surface Water,2020-11-14,AZDEQ_SW-874,34.4625278,-113.6243889,Magnesium,36.0
1930,Surface Water,2020-03-19,AZDEQ_SW-995,33.2765847,-111.0277553,Magnesium,1.4
1392,Surface Water,2020-02-18,AZDEQ_SW-996,34.42092,-111.26352,Magnesium,12.0
236,,2020-02-11,FMYN_WQX-CW1,33.56979,111.70843,Magnesium,110.0
1250,,2020-01-15,FMYN_WQX-VR1,33.71378,111.652,Magnesium,20.1
1149,,2020-04-30,FMYN_WQX-VR1,33.71378,111.652,Magnesium,23.6
1334,,2020-07-29,FMYN_WQX-VR1,33.71378,111.652,Magnesium,15.8
1235,,2020-01-15,FMYN_WQX-VR5,33.62367,111.6686,Magnesium,20.9
1151,,2020-04-30,FMYN_WQX-VR5,33.62367,111.6686,Magnesium,23.5
1316,,2020-07-29,FMYN_WQX-VR5,33.62367,111.6686,Magnesium,17.0
1243,,2020-01-15,FMYN_WQX-VR7,33.60681,111.6791,Magnesium,20.5
1175,,2020-05-05,FMYN_WQX-VR7,33.60681,111.6791,Magnesium,22.5
1307,,2020-07-30,FMYN_WQX-VR7,33.60681,111.6791,Magnesium,18.3
1315,,2020-07-30,FMYN_WQX-VR7,33.60681,111.6791,Magnesium,17.8
1238,,2020-01-15,FMYN_WQX-VR9,33.571,111.6691,Magnesium,20.8
1180,,2020-05-05,FMYN_WQX-VR9,33.571,111.6691,Magnesium,22.3
1318,,2020-07-30,FMYN_WQX-VR9,33.571,111.6691,Magnesium,17.0
1338,,2020-11-18,SRPMIC-SR-1,33.546683,-111.660333,Magnesium,15.0
1339,,2021-03-30,SRPMIC-SR-1,33.546683,-111.660333,Magnesium,15.0
1283,,2020-11-18,SRPMIC-SR-2,33.5389,-111.671917,Magnesium,19.0
1311,,2021-03-30,SRPMIC-SR-2,33.5389,-111.671917,Magnesium,18.0
1110,,2020-11-18,SRPMIC-VR-1,33.557667,-111.667983,Magnesium,25.0
1070,,2021-03-30,SRPMIC-VR-1,33.557667,-111.667983,Magnesium,27.0
1111,,2020-11-18,SRPMIC-VR-2,33.566806,-111.666583,Magnesium,25.0
1071,,2021-03-30,SRPMIC-VR-2,33.566806,-111.666583,Magnesium,27.0
1271,,2020-02-25,USEPA_REGION8-CGCLR713.70,36.921667,-111.483611,Magnesium,19.5
1272,,2020-02-25,USEPA_REGION8-CGCLR713.70,36.921667,-111.483611,Magnesium,19.5
1278,,2020-02-25,USEPA_REGION8-CGCLR713.70,36.921667,-111.483611,Magnesium,19.3
1279,,2020-02-25,USEPA_REGION8-CGCLR713.70,36.921667,-111.483611,Magnesium,19.3
1221,,2021-09-23,USEPA_REGION8-CGCLR713.70,36.921667,-111.483611,Magnesium,21.2
1223,,2021-09-23,USEPA_REGION8-CGCLR713.70,36.921667,-111.483611,Magnesium,21.1
2005,,2021-09-23,USEPA_REGION8-CGCLR713.70,36.921667,-111.483611,Magnesium,0.049
2006,,2021-09-23,USEPA_REGION8-CGCLR713.70,36.921667,-111.483611,Magnesium,0.049
1309,Surface Water,2020-01-21,USGS-09380000,,,Magnesium,18.0
1302,Surface Water,2020-02-03,USGS-09380000,,,Magnesium,18.9
1251,Surface Water,2020-02-18,USGS-09380000,,,Magnesium,20.0
1222,Surface Water,2020-03-11,USGS-09380000,,,Magnesium,21.1
1205,Surface Water,2020-03-25,USGS-09380000,,,Magnesium,21.7
1220,Surface Water,2020-04-14,USGS-09380000,,,Magnesium,21.2
1241,Surface Water,2020-05-06,USGS-09380000,,,Magnesium,20.5
1269,Surface Water,2020-05-19,USGS-09380000,,,Magnesium,19.7
1276,Surface Water,2020-06-16,USGS-09380000,,,Magnesium,19.3
1280,Surface Water,2020-07-28,USGS-09380000,,,Magnesium,19.2
1304,Surface Water,2020-08-25,USGS-09380000,,,Magnesium,18.5
1274,Surface Water,2020-10-07,USGS-09380000,,,Magnesium,19.3
1275,Surface Water,2020-11-10,USGS-09380000,,,Magnesium,19.3
1268,Surface Water,2020-12-17,USGS-09380000,,,Magnesium,19.8
1247,Surface Water,2021-01-11,USGS-09380000,,,Magnesium,20.2
1218,Surface Water,2021-02-10,USGS-09380000,,,Magnesium,21.3
1215,Surface Water,2021-02-25,USGS-09380000,,,Magnesium,21.4
1176,Surface Water,2021-03-15,USGS-09380000,,,Magnesium,22.4
1201,Surface Water,2021-03-29,USGS-09380000,,,Magnesium,21.9
1236,Surface Water,2021-04-13,USGS-09380000,,,Magnesium,20.8
1270,Surface Water,2021-04-26,USGS-09380000,,,Magnesium,19.7
1206,Surface Water,2021-05-24,USGS-09380000,,,Magnesium,21.7
1219,Surface Water,2021-06-22,USGS-09380000,,,Magnesium,21.3
1249,Surface Water,2021-07-20,USGS-09380000,,,Magnesium,20.1
1242,Surface Water,2021-08-17,USGS-09380000,,,Magnesium,20.5
1212,Surface Water,2021-10-18,USGS-09380000,,,Magnesium,21.5
1207,Surface Water,2021-11-15,USGS-09380000,,,Magnesium,21.7
781,Surface Water,2020-03-11,USGS-09382000,,,Magnesium,40.0
1068,Surface Water,2020-05-06,USGS-09382000,,,Magnesium,27.0
1184,Surface Water,2021-09-11,USGS-09383060,,,Magnesium,22.0
497,Surface Water,2020-08-16,USGS-09402300,,,Magnesium,63.0
761,Surface Water,2021-02-23,USGS-09402450,,,Magnesium,41.0
1252,Surface Water,2020-08-19,USGS-09402500,,,Magnesium,20.0
1158,Surface Water,2021-03-19,USGS-09402500,,,Magnesium,23.0
1185,Surface Water,2021-03-23,USGS-09402500,,,Magnesium,22.0
1053,Surface Water,2021-03-09,USGS-09403013,,,Magnesium,28.0
1033,Surface Water,2020-11-05,USGS-09403043,,,Magnesium,29.0
1054,Surface Water,2021-03-03,USGS-09403043,,,Magnesium,28.0
435,Surface Water,2020-02-22,USGS-09403850,,,Magnesium,67.0
436,Surface Water,2020-08-20,USGS-09403850,,,Magnesium,67.0
431,Surface Water,2021-09-17,USGS-09403850,,,Magnesium,67.6
762,Surface Water,2020-10-21,USGS-09404110,,,Magnesium,41.0
732,Surface Water,2021-01-21,USGS-09404110,,,Magnesium,42.0
733,Surface Water,2020-02-23,USGS-09404115,,,Magnesium,42.0
763,Surface Water,2020-08-22,USGS-09404115,,,Magnesium,41.0
797,Surface Water,2020-08-22,USGS-09404115,,,Magnesium,39.0
1156,Surface Water,2021-09-18,USGS-09404135,,,Magnesium,23.1
1281,Surface Water,2020-03-04,USGS-09404200,,,Magnesium,19.0
1224,Surface Water,2020-10-02,USGS-09404200,,,Magnesium,21.0
1225,Surface Water,2021-03-05,USGS-09404200,,,Magnesium,21.0
557,Surface Water,2021-02-18,USGS-09404222,,,Magnesium,56.0
314,Surface Water,2020-02-04,USGS-09415000,,,Magnesium,87.3
268,Surface Water,2020-06-16,USGS-09415000,,,Magnesium,98.5
279,Surface Water,2020-08-25,USGS-09415000,,,Magnesium,94.0
295,Surface Water,2020-12-01,USGS-09415000,,,Magnesium,90.0
299,Surface Water,2021-02-09,USGS-09415000,,,Magnesium,89.8
322,Surface Water,2021-02-09,USGS-09415000,,,Magnesium,86.2
228,Surface Water,2021-06-08,USGS-09415000,,,Magnesium,110.0
241,Surface Water,2021-06-08,USGS-09415000,,,Magnesium,108.0
1095,Surface Water,2020-09-01,USGS-09424000,,,Magnesium,26.0
1102,Surface Water,2020-12-10,USGS-09424000,,,Magnesium,25.4
1115,Surface Water,2021-03-23,USGS-09424000,,,Magnesium,24.9
1117,Surface Water,2021-06-08,USGS-09424000,,,Magnesium,24.8
1244,Surface Water,2020-07-22,USGS-09426600,,,Magnesium,20.4
1245,Surface Water,2020-08-25,USGS-09426600,,,Magnesium,20.4
1240,Surface Water,2021-02-24,USGS-09426600,,,Magnesium,20.6
1248,Surface Water,2021-08-12,USGS-09426600,,,Magnesium,20.2
1216,Surface Water,2020-01-15,USGS-09505800,,,Magnesium,21.4
1178,Surface Water,2020-02-14,USGS-09505800,,,Magnesium,22.3
1428,Surface Water,2020-02-26,USGS-09505800,,,Magnesium,10.9
1602,Surface Water,2020-03-20,USGS-09505800,,,Magnesium,5.78
1348,Surface Water,2020-03-30,USGS-09505800,,,Magnesium,14.7
1306,Surface Water,2020-04-17,USGS-09505800,,,Magnesium,18.3
1181,Surface Water,2020-04-29,USGS-09505800,,,Magnesium,22.1
1143,Surface Water,2020-05-22,USGS-09505800,,,Magnesium,23.7
1144,Surface Water,2020-06-22,USGS-09505800,,,Magnesium,23.7
1139,Surface Water,2020-07-28,USGS-09505800,,,Magnesium,23.9
1127,Surface Water,2020-08-24,USGS-09505800,,,Magnesium,24.2
1122,Surface Water,2020-09-17,USGS-09505800,,,Magnesium,24.5
1118,Surface Water,2020-09-30,USGS-09505800,,,Magnesium,24.8
1121,Surface Water,2020-10-13,USGS-09505800,,,Magnesium,24.7
1119,Surface Water,2020-10-29,USGS-09505800,,,Magnesium,24.8
1109,Surface Water,2020-11-30,USGS-09505800,,,Magnesium,25.1
1103,Surface Water,2020-12-21,USGS-09505800,,,Magnesium,25.4
1107,Surface Water,2021-01-28,USGS-09505800,,,Magnesium,25.2
1123,Surface Water,2021-02-11,USGS-09505800,,,Magnesium,24.5
1116,Surface Water,2021-02-26,USGS-09505800,,,Magnesium,24.9
1148,Surface Water,2021-03-12,USGS-09505800,,,Magnesium,23.6
1153,Surface Water,2021-03-26,USGS-09505800,,,Magnesium,23.3
1145,Surface Water,2021-04-09,USGS-09505800,,,Magnesium,23.7
1140,Surface Water,2021-04-23,USGS-09505800,,,Magnesium,23.9
1152,Surface Water,2021-05-18,USGS-09505800,,,Magnesium,23.4
1179,Surface Water,2021-07-09,USGS-09505800,,,Magnesium,22.3
1146,Surface Water,2021-07-20,USGS-09505800,,,Magnesium,23.7
1171,Surface Water,2021-08-10,USGS-09505800,,,Magnesium,22.7
1147,Surface Water,2021-09-07,USGS-09505800,,,Magnesium,23.7
1128,Surface Water,2021-09-21,USGS-09505800,,,Magnesium,24.1
1141,Surface Water,2021-10-12,USGS-09505800,,,Magnesium,23.9
869,Surface Water,2020-01-07,USGS-09522000,,,Magnesium,36.6
1010,Surface Water,2020-02-12,USGS-09522000,,,Magnesium,30.4
986,Surface Water,2020-02-20,USGS-09522000,,,Magnesium,31.4
1006,Surface Water,2020-02-26,USGS-09522000,,,Magnesium,30.7
1011,Surface Water,2020-03-10,USGS-09522000,,,Magnesium,30.3
983,Surface Water,2020-03-24,USGS-09522000,,,Magnesium,31.7
1047,Surface Water,2020-04-07,USGS-09522000,,,Magnesium,28.6
1012,Surface Water,2020-04-21,USGS-09522000,,,Magnesium,30.2
982,Surface Water,2020-06-29,USGS-09522000,,,Magnesium,31.8
1028,Surface Water,2020-08-11,USGS-09522000,,,Magnesium,29.5
870,Surface Water,2020-10-13,USGS-09522000,,,Magnesium,36.6
909,Surface Water,2020-12-15,USGS-09522000,,,Magnesium,34.8
988,Surface Water,2021-01-13,USGS-09522000,,,Magnesium,31.2
934,Surface Water,2021-01-26,USGS-09522000,,,Magnesium,34.0
965,Surface Water,2021-02-09,USGS-09522000,,,Magnesium,32.6
989,Surface Water,2021-02-23,USGS-09522000,,,Magnesium,31.2
1043,Surface Water,2021-03-09,USGS-09522000,,,Magnesium,28.9
1008,Surface Water,2021-03-23,USGS-09522000,,,Magnesium,30.6
1062,Surface Water,2021-04-06,USGS-09522000,,,Magnesium,27.9
1044,Surface Water,2021-04-20,USGS-09522000,,,Magnesium,28.9
1014,Surface Water,2021-06-15,USGS-09522000,,,Magnesium,30.1
1003,Surface Water,2021-07-13,USGS-09522000,,,Magnesium,30.9
1030,Surface Water,2021-08-10,USGS-09522000,,,Magnesium,29.4
1016,Surface Water,2020-02-21,USGS-09522005,,,Magnesium,30.0
1013,Surface Water,2020-03-26,USGS-09522005,,,Magnesium,30.2
1031,Surface Water,2020-04-23,USGS-09522005,,,Magnesium,29.1
950,Surface Water,2020-05-27,USGS-09522005,,,Magnesium,33.1
977,Surface Water,2020-06-10,USGS-09522005,,,Magnesium,32.0
1005,Surface Water,2020-07-07,USGS-09522005,,,Magnesium,30.8
1004,Surface Water,2020-08-20,USGS-09522005,,,Magnesium,30.9
964,Surface Water,2020-09-10,USGS-09522005,,,Magnesium,32.7
873,Surface Water,2020-10-06,USGS-09522005,,,Magnesium,36.4
987,Surface Water,2021-01-06,USGS-09522005,,,Magnesium,31.4
966,Surface Water,2021-02-26,USGS-09522005,,,Magnesium,32.6
985,Surface Water,2021-03-26,USGS-09522005,,,Magnesium,31.5
1051,Surface Water,2021-04-28,USGS-09522005,,,Magnesium,28.2
1029,Surface Water,2021-05-13,USGS-09522005,,,Magnesium,29.5
1007,Surface Water,2021-06-24,USGS-09522005,,,Magnesium,30.7
1027,Surface Water,2021-07-27,USGS-09522005,,,Magnesium,29.8
984,Surface Water,2021-08-24,USGS-09522005,,,Magnesium,31.7
1050,Surface Water,2021-09-03,USGS-09522005,,,Magnesium,28.3
708,Surface Water,2020-01-24,USGS-09534000,,,Magnesium,43.5
779,Surface Water,2020-02-19,USGS-09534000,,,Magnesium,40.1
684,Surface Water,2020-03-25,USGS-09534000,,,Magnesium,44.2
759,Surface Water,2020-04-22,USGS-09534000,,,Magnesium,41.3
706,Surface Water,2020-05-28,USGS-09534000,,,Magnesium,43.7
707,Surface Water,2020-06-11,USGS-09534000,,,Magnesium,43.6
730,Surface Water,2020-07-16,USGS-09534000,,,Magnesium,42.5
739,Surface Water,2020-08-27,USGS-09534000,,,Magnesium,42.0
795,Surface Water,2020-09-24,USGS-09534000,,,Magnesium,39.5
804,Surface Water,2020-10-22,USGS-09534000,,,Magnesium,39.0
877,Surface Water,2020-11-18,USGS-09534000,,,Magnesium,36.3
766,Surface Water,2021-01-22,USGS-09534000,,,Magnesium,41.0
837,Surface Water,2021-02-18,USGS-09534000,,,Magnesium,38.0
855,Surface Water,2021-03-11,USGS-09534000,,,Magnesium,37.6
670,Surface Water,2021-04-22,USGS-09534000,,,Magnesium,46.0
622,Surface Water,2021-05-20,USGS-09534000,,,Magnesium,49.1
672,Surface Water,2021-06-23,USGS-09534000,,,Magnesium,45.8
666,Surface Water,2021-07-08,USGS-09534000,,,Magnesium,46.2
716,Surface Water,2021-08-11,USGS-09534000,,,Magnesium,43.0
754,Surface Water,2021-09-02,USGS-09534000,,,Magnesium,41.9
895,Surface Water,2021-10-21,USGS-09534000,,,Magnesium,35.1
916,Surface Water,2020-01-24,USGS-09534550,,,Magnesium,34.1
1009,Surface Water,2020-02-19,USGS-09534550,,,Magnesium,30.5
902,Surface Water,2020-03-25,USGS-09534550,,,Magnesium,35.0
860,Surface Water,2020-04-30,USGS-09534550,,,Magnesium,37.4
894,Surface Water,2020-05-28,USGS-09534550,,,Magnesium,35.2
892,Surface Water,2020-06-11,USGS-09534550,,,Magnesium,35.7
911,Surface Water,2020-07-16,USGS-09534550,,,Magnesium,34.7
893,Surface Water,2020-09-09,USGS-09534550,,,Magnesium,35.5
903,Surface Water,2020-10-22,USGS-09534550,,,Magnesium,35.0
907,Surface Water,2020-11-18,USGS-09534550,,,Magnesium,34.9
947,Surface Water,2021-01-07,USGS-09534550,,,Magnesium,33.5
908,Surface Water,2021-02-04,USGS-09534550,,,Magnesium,34.9
946,Surface Water,2021-04-08,USGS-09534550,,,Magnesium,33.9
981,Surface Water,2021-05-20,USGS-09534550,,,Magnesium,31.8
876,Surface Water,2021-06-09,USGS-09534550,,,Magnesium,36.3
948,Surface Water,2021-07-08,USGS-09534550,,,Magnesium,33.5
968,Surface Water,2021-08-11,USGS-09534550,,,Magnesium,32.4
914,Surface Water,2021-09-02,USGS-09534550,,,Magnesium,34.2
913,Surface Water,2021-10-21,USGS-09534550,,,Magnesium,34.5
883,Surface Water,2021-11-03,USGS-09534550,,,Magnesium,36.0
1273,Surface Water,2020-03-10,USGS-312054110162101,,,Magnesium,19.4
1282,Surface Water,2020-03-10,USGS-312055110162501,,,Magnesium,19.0
1380,Surface Water,2020-03-10,USGS-312055110162502,,,Magnesium,12.4
1174,Surface Water,2020-03-10,USGS-312056110162901,,,Magnesium,22.5
891,Surface Water,2020-09-02,USGS-324343114364901,,,Magnesium,35.9
917,Surface Water,2020-11-24,USGS-324343114364901,,,Magnesium,34.1
871,Surface Water,2021-03-16,USGS-324343114364901,,,Magnesium,36.6
867,Surface Water,2021-06-02,USGS-324343114364901,,,Magnesium,36.8
956,Surface Water,2020-04-27,USGS-324345114425401,,,Magnesium,33.0
957,Surface Water,2020-04-27,USGS-324345114425401,,,Magnesium,33.0
992,Surface Water,2020-02-13,USGS-324348114425301,,,Magnesium,31.0
978,Surface Water,2020-04-27,USGS-324348114425301,,,Magnesium,32.0
990,Surface Water,2020-04-27,USGS-324348114425301,,,Magnesium,31.0
991,Surface Water,2020-04-27,USGS-324348114425301,,,Magnesium,31.0
162,Surface Water,2021-04-07,USGS-331954112371801,,,Magnesium,128.0
169,Surface Water,2021-04-07,USGS-331954112371801,,,Magnesium,125.0
120,Surface Water,2020-11-03,USGS-332029112353701,,,Magnesium,146.0
201,Surface Water,2021-04-06,USGS-332029112353701,,,Magnesium,118.0
227,Surface Water,2021-04-06,USGS-332029112353701,,,Magnesium,111.0
219,Surface Water,2020-11-03,USGS-332055112344901,,,Magnesium,114.0
223,Surface Water,2021-04-06,USGS-332055112344901,,,Magnesium,112.0
248,Surface Water,2021-04-06,USGS-332055112344901,,,Magnesium,106.0
212,Surface Water,2021-04-06,USGS-332106112314101,,,Magnesium,116.0
221,Surface Water,2021-04-06,USGS-332106112314101,,,Magnesium,113.0
421,Surface Water,2020-11-02,USGS-332108112332001,,,Magnesium,69.9
330,Surface Water,2021-04-05,USGS-332108112332001,,,Magnesium,85.0
335,Surface Water,2021-04-05,USGS-332108112332001,,,Magnesium,84.5
447,Surface Water,2021-04-05,USGS-332255112182101,,,Magnesium,66.1
456,Surface Water,2021-04-05,USGS-332255112182101,,,Magnesium,65.4
1086,Surface Water,2020-09-09,USGS-332604114373601,,,Magnesium,26.9
1046,Surface Water,2020-12-15,USGS-332604114373601,,,Magnesium,28.7
1087,Surface Water,2021-03-30,USGS-332604114373601,,,Magnesium,26.9
1090,Surface Water,2021-05-25,USGS-332604114373601,,,Magnesium,26.3
1052,Surface Water,2020-09-10,USGS-333038114340401,,,Magnesium,28.2
1015,Surface Water,2020-12-16,USGS-333038114340401,,,Magnesium,30.1
1063,Surface Water,2021-03-31,USGS-333038114340401,,,Magnesium,27.7
1105,Surface Water,2021-05-26,USGS-333038114340401,,,Magnesium,25.4
790,Surface Water,2020-09-22,USGS-335832111425401,,,Magnesium,39.8
794,Surface Water,2020-12-08,USGS-335832111425401,,,Magnesium,39.6
872,Surface Water,2021-03-16,USGS-335832111425401,,,Magnesium,36.6
757,Surface Water,2021-06-02,USGS-335832111425401,,,Magnesium,41.6
829,Surface Water,2020-12-09,USGS-340555111422201,,,Magnesium,38.2
1094,Surface Water,2020-09-01,USGS-344459114313801,,,Magnesium,26.1
1104,Surface Water,2020-12-10,USGS-344459114313801,,,Magnesium,25.4
1126,Surface Water,2021-03-23,USGS-344459114313801,,,Magnesium,24.3
1108,Surface Water,2021-06-08,USGS-344459114313801,,,Magnesium,25.2
1142,Surface Water,2021-09-19,USGS-354614113310701,,,Magnesium,23.9
1133,Surface Water,2021-09-20,USGS-355153113400401,,,Magnesium,24.0
1101,Surface Water,2020-08-31,USGS-355241114401601,,,Magnesium,25.7
1129,Surface Water,2020-12-09,USGS-355241114401601,,,Magnesium,24.1
1131,Surface Water,2021-03-22,USGS-355241114401601,,,Magnesium,24.0
1130,Surface Water,2021-06-07,USGS-355241114401601,,,Magnesium,24.1
861,Surface Water,2021-09-19,USGS-360109113210101,,,Magnesium,37.2
1032,Surface Water,2021-09-12,USGS-360500112020501,,,Magnesium,29.1
1155,Surface Water,2021-09-19,USGS-360551113191101,,,Magnesium,23.2
915,Surface Water,2021-09-14,USGS-360558112123401,,,Magnesium,34.2
1173,Surface Water,2021-09-13,USGS-360559112053801,,,Magnesium,22.7
1213,Surface Water,2021-09-13,USGS-360707112051001,,,Magnesium,21.5
467,Surface Water,2021-09-14,USGS-360809112143701,,,Magnesium,65.0
1170,Surface Water,2021-09-12,USGS-360957111484101,,,Magnesium,22.8
605,Surface Water,2021-09-15,USGS-361151112270101,,,Magnesium,50.1
1177,Surface Water,2021-09-15,USGS-361417112205601,,,Magnesium,22.4
1157,Surface Water,2021-09-18,USGS-361626112524801,,,Magnesium,23.1
504,Surface Water,2021-09-11,USGS-361810111520501,,,Magnesium,62.9
1210,Surface Water,2021-09-11,USGS-361954111513101,,,Magnesium,21.7
281,Surface Water,2021-09-17,USGS-362037112402101,,,Magnesium,94.0
1154,Surface Water,2021-09-16,USGS-362204112275501,,,Magnesium,23.2
1305,Surface Water,2021-09-16,USGS-362220112280401,,,Magnesium,18.4
1150,Surface Water,2021-09-16,USGS-362322112302901,,,Magnesium,23.5
1172,Surface Water,2021-09-17,USGS-362330112373301,,,Magnesium,22.7
1214,Surface Water,2021-09-10,USGS-363118111504001,,,Magnesium,21.5
1208,Surface Water,2021-09-10,USGS-363351111484701,,,Magnesium,21.7
1209,Surface Water,2021-09-10,USGS-363851111454101,,,Magnesium,21.7
1182,Surface Water,2021-09-09,USGS-363932111443401,,,Magnesium,22.1
1202,Surface Water,2021-09-09,USGS-364218111423901,,,Magnesium,21.8
1125,,2021-03-23,UTAHDWQ_WQX-5952430,36.95498,-111.48376,Magnesium,24.4
