ActivityMediaSubdivisionName,,ActivityStartDate,MonitoringLocationIdentifier,ActivityLocation/LatitudeMeasure,ActivityLocation/LongitudeMeasure,SampleCollectionMethod/MethodIdentifier,SampleCollectionMethod/MethodIdentifierContext,SampleCollectionMethod/MethodName,CharacteristicName,ResultSampleFractionText,ResultMeasureValue,ResultMeasure/MeasureUnitCode,MeasureQualifierCode
Water,,2021-10-20,GLEC-VRWIC-A,34.601647,-112.432111,,,,pH,,5.87,None,
Water,,2021-10-19,GLEC-LCWCL-A,34.334444,-110.936944,,,,pH,,6.16,None,
Water,,2021-10-19,GLEC-LCWCL-A,34.334444,-110.936944,,,,pH,,6.17,None,
Water,,2021-10-19,GLEC-LCWCL-A,34.334444,-110.936944,,,,pH,,6.23,None,
Water,,2021-10-19,GLEC-LCBCL-A,34.406732,-111.001555,,,,pH,,6.55,None,
Water,,2021-10-19,GLEC-LCBCL-A,34.406732,-111.001555,,,,pH,,6.56,None,
Water,,2021-10-19,GLEC-LCBCL-A,34.406732,-111.001555,,,,pH,,6.56,None,
Water,,2021-10-19,GLEC-LCBCL-A,34.406732,-111.001555,,,,pH,,6.58,None,
Water,,2021-03-24,TOHONOO'ODHAMNATION-201,32.275833,112.672222,Bottle,TOHONOO'ODHAMNATION,Bottle Sampling,pH,,6.6,None,
Water,,2021-10-19,GLEC-LCBCL-A,34.406732,-111.001555,,,,pH,,6.61,None,
Water,,2021-10-19,GLEC-LCWCL-A,34.334444,-110.936944,,,,pH,,6.67,None,
Water,,2021-10-19,GLEC-LCWCL-A,34.334444,-110.936944,,,,pH,,6.77,None,
Water,,2021-10-19,GLEC-LCWCL-A,34.334444,-110.936944,,,,pH,,6.77,None,
Water,,2021-10-19,GLEC-LCWCL-A,34.334444,-110.936944,,,,pH,,6.79,None,
Water,,2021-10-19,GLEC-LCWCL-A,34.334444,-110.936944,,,,pH,,6.8,None,
Water,,2021-10-19,GLEC-LCWCL-A,34.334444,-110.936944,,,,pH,,6.81,None,
Water,,2021-10-19,GLEC-LCWCL-A,34.334444,-110.936944,,,,pH,,6.81,None,
Water,,2021-10-19,GLEC-LCWCL-A,34.334444,-110.936944,,,,pH,,6.82,None,
Water,,2021-10-19,GLEC-LCWCL-A,34.334444,-110.936944,,,,pH,,6.83,None,
Water,,2021-10-20,GLEC-VRGBL-A,34.617318,-112.549635,,,,pH,,7.02,None,
Water,,2021-10-20,GLEC-VRGBL-A,34.617318,-112.549635,,,,pH,,7.04,None,
Water,,2021-10-20,GLEC-VRGBL-A,34.617318,-112.549635,,,,pH,,7.05,None,
Water,,2021-10-20,GLEC-VRGBL-A,34.617318,-112.549635,,,,pH,,7.05,None,
Water,,2021-10-20,GLEC-VRGBL-A,34.617318,-112.549635,,,,pH,,7.06,None,
Water,,2021-10-20,GLEC-VRGBL-A,34.617318,-112.549635,,,,pH,,7.07,None,
Water,Surface Water,2020-06-11,AZDEQ_SW-501,34.4067322,-111.001555,Unknown,AZDEQ_SW,Unknown,pH,Total,7.27,None,
Water,Surface Water,2020-08-19,AZDEQ_SW-663,34.23275,-113.6004333,Unknown,AZDEQ_SW,Unknown,pH,Total,7.3,None,
Water,Surface Water,2020-08-19,AZDEQ_SW-663,34.23275,-113.6004333,Unknown,AZDEQ_SW,Unknown,pH,Total,7.3,None,
Water,Surface Water,2020-08-19,AZDEQ_SW-663,34.23275,-113.6004333,Unknown,AZDEQ_SW,Unknown,pH,Total,7.3,None,
Water,,2021-08-12,TOHONOO'ODHAMNATION-201,32.275833,112.672222,Bottle,TOHONOO'ODHAMNATION,Bottle Sampling,pH,,7.3,None,
Water,Surface Water,2020-08-19,AZDEQ_SW-663,34.23275,-113.6004333,Unknown,AZDEQ_SW,Unknown,pH,Total,7.31,None,
Water,Surface Water,2020-08-19,AZDEQ_SW-663,34.23275,-113.6004333,Unknown,AZDEQ_SW,Unknown,pH,Total,7.31,None,
Water,Surface Water,2020-08-19,AZDEQ_SW-663,34.23275,-113.6004333,Unknown,AZDEQ_SW,Unknown,pH,Total,7.31,None,
Water,Surface Water,2020-08-19,AZDEQ_SW-663,34.23275,-113.6004333,Unknown,AZDEQ_SW,Unknown,pH,Total,7.33,None,
Water,Surface Water,2020-06-12,AZDEQ_SW-71,34.3344444,-110.9369444,Unknown,AZDEQ_SW,Unknown,pH,Total,7.33,None,
Water,Surface Water,2020-08-19,AZDEQ_SW-663,34.23275,-113.6004333,Unknown,AZDEQ_SW,Unknown,pH,Total,7.34,None,
Water,Surface Water,2020-10-21,AZDEQ_SW-666,34.5952778,-112.4166389,Unknown,AZDEQ_SW,Unknown,pH,Total,7.35,None,
Water,Surface Water,2020-06-11,AZDEQ_SW-501,34.4067322,-111.001555,Unknown,AZDEQ_SW,Unknown,pH,Total,7.35,None,
Water,Surface Water,2020-06-12,AZDEQ_SW-71,34.3344444,-110.9369444,Unknown,AZDEQ_SW,Unknown,pH,Total,7.36,None,
Water,,2021-10-12,GLEC-SRROO-A,33.676944,-111.154167,,,,pH,,7.38,None,
Water,Surface Water,2020-06-12,AZDEQ_SW-71,34.3344444,-110.9369444,Unknown,AZDEQ_SW,Unknown,pH,Total,7.4,None,
Water,,2021-10-12,GLEC-SRROO-A,33.676944,-111.154167,,,,pH,,7.4,None,
Water,Surface Water,2020-02-26,AZDEQ_SW-63,35.2419444,-112.1869444,Unknown,AZDEQ_SW,Unknown,pH,Total,7.42,None,
Water,Surface Water,2020-06-12,AZDEQ_SW-71,34.3344444,-110.9369444,Unknown,AZDEQ_SW,Unknown,pH,Total,7.42,None,
Water,Surface Water,2020-06-11,AZDEQ_SW-501,34.4067322,-111.001555,Unknown,AZDEQ_SW,Unknown,pH,Total,7.42,None,
Water,,2021-10-12,GLEC-SRROO-A,33.676944,-111.154167,,,,pH,,7.44,None,
Water,Surface Water,2020-04-15,AZDEQ_SW-192,31.4986111,-110.8480556,Unknown,AZDEQ_SW,Unknown,pH,Total,7.45,None,
Water,,2021-10-12,GLEC-SRROO-A,33.676944,-111.154167,,,,pH,,7.45,None,
Water,Surface Water,2020-04-15,AZDEQ_SW-192,31.4986111,-110.8480556,Unknown,AZDEQ_SW,Unknown,pH,Total,7.46,None,
Water,Surface Water,2020-04-15,AZDEQ_SW-192,31.4986111,-110.8480556,Unknown,AZDEQ_SW,Unknown,pH,Total,7.46,None,
Water,Surface Water,2020-02-26,AZDEQ_SW-63,35.2419444,-112.1869444,Unknown,AZDEQ_SW,Unknown,pH,Total,7.47,None,
Water,,2021-10-12,GLEC-SRROO-A,33.676944,-111.154167,,,,pH,,7.47,None,
Water,,2021-10-12,GLEC-SRROO-A,33.676944,-111.154167,,,,pH,,7.47,None,
Water,Surface Water,2020-04-15,AZDEQ_SW-192,31.4986111,-110.8480556,Unknown,AZDEQ_SW,Unknown,pH,Total,7.48,None,
Water,Surface Water,2020-02-26,AZDEQ_SW-63,35.2419444,-112.1869444,Unknown,AZDEQ_SW,Unknown,pH,Total,7.48,None,
Water,,2021-10-12,GLEC-SRROO-A,33.676944,-111.154167,,,,pH,,7.48,None,
Water,Surface Water,2020-02-26,AZDEQ_SW-63,35.2419444,-112.1869444,Unknown,AZDEQ_SW,Unknown,pH,Total,7.49,None,
Water,Surface Water,2020-02-26,AZDEQ_SW-63,35.2419444,-112.1869444,Unknown,AZDEQ_SW,Unknown,pH,Total,7.49,None,
Water,,2021-10-12,GLEC-SRROO-A,33.676944,-111.154167,,,,pH,,7.49,None,
Water,Surface Water,2020-04-15,AZDEQ_SW-192,31.4986111,-110.8480556,Unknown,AZDEQ_SW,Unknown,pH,Total,7.5,None,
Water,,2020-06-10,QUECHAN_WQX-SRP03,32.73141,-114.6131,Quechan_QAPP,QUECHAN_WQX,Standard Method,pH,,7.5,None,
Water,,2021-10-12,GLEC-SRROO-A,33.676944,-111.154167,,,,pH,,7.5,None,
Water,,2021-10-12,GLEC-SRROO-A,33.676944,-111.154167,,,,pH,,7.5,None,
Water,,2021-10-12,GLEC-SRROO-A,33.676944,-111.154167,,,,pH,,7.5,None,
Water,Surface Water,2020-02-26,AZDEQ_SW-63,35.2419444,-112.1869444,Unknown,AZDEQ_SW,Unknown,pH,Total,7.51,None,
Water,Surface Water,2020-02-26,AZDEQ_SW-63,35.2419444,-112.1869444,Unknown,AZDEQ_SW,Unknown,pH,Total,7.51,None,
Water,Surface Water,2020-06-11,AZDEQ_SW-501,34.4067322,-111.001555,Unknown,AZDEQ_SW,Unknown,pH,Total,7.51,None,
Water,Surface Water,2020-06-12,AZDEQ_SW-71,34.3344444,-110.9369444,Unknown,AZDEQ_SW,Unknown,pH,Total,7.51,None,
Water,Surface Water,2020-08-19,AZDEQ_SW-663,34.23275,-113.6004333,Unknown,AZDEQ_SW,Unknown,pH,Total,7.51,None,
Water,,2021-10-12,GLEC-SRROO-A,33.676944,-111.154167,,,,pH,,7.51,None,
Water,,2021-10-12,GLEC-SRROO-A,33.676944,-111.154167,,,,pH,,7.51,None,
Water,Surface Water,2020-02-26,AZDEQ_SW-63,35.2419444,-112.1869444,Unknown,AZDEQ_SW,Unknown,pH,Total,7.53,None,
Water,Surface Water,2020-02-26,AZDEQ_SW-63,35.2419444,-112.1869444,Unknown,AZDEQ_SW,Unknown,pH,Total,7.53,None,
Water,Surface Water,2020-04-15,AZDEQ_SW-192,31.4986111,-110.8480556,Unknown,AZDEQ_SW,Unknown,pH,Total,7.55,None,
Water,Surface Water,2020-06-11,AZDEQ_SW-501,34.4067322,-111.001555,Unknown,AZDEQ_SW,Unknown,pH,Total,7.55,None,
Water,,2021-10-24,GLEC-SRSAG-A,33.5675,-111.536389,,,,pH,,7.55,None,
Water,Surface Water,2020-02-26,AZDEQ_SW-63,35.2419444,-112.1869444,Unknown,AZDEQ_SW,Unknown,pH,Total,7.57,None,
Water,,2021-10-24,GLEC-SRSAG-A,33.5675,-111.536389,,,,pH,,7.58,None,
Water,,2021-10-24,GLEC-SRSAG-A,33.5675,-111.536389,,,,pH,,7.59,None,
Water,,2021-10-24,GLEC-SRSAG-A,33.5675,-111.536389,,,,pH,,7.59,None,
Water,,2021-10-24,GLEC-SRSAG-A,33.5675,-111.536389,,,,pH,,7.59,None,
Water,Surface Water,2020-04-15,AZDEQ_SW-192,31.4986111,-110.8480556,Unknown,AZDEQ_SW,Unknown,pH,Total,7.6,None,
Water,Surface Water,2020-06-12,AZDEQ_SW-71,34.3344444,-110.9369444,Unknown,AZDEQ_SW,Unknown,pH,Total,7.61,None,
Water,Surface Water,2020-02-26,AZDEQ_SW-63,35.2419444,-112.1869444,Unknown,AZDEQ_SW,Unknown,pH,Total,7.62,None,
Water,Surface Water,2020-10-21,AZDEQ_SW-1019,34.6016472,-112.4321111,Unknown,AZDEQ_SW,Unknown,pH,Total,7.63,None,
Water,,2021-03-23,UTAHDWQ_WQX-5952430,36.95498,-111.48376,DWQ-001,UTAHDWQ_WQX,Water Grab Sampling,pH,,7.68,None,
Water,,2021-03-23,UTAHDWQ_WQX-5952430,36.95498,-111.48376,DWQ-001,UTAHDWQ_WQX,Water Grab Sampling,pH,,7.68,None,
Water,,2021-03-23,UTAHDWQ_WQX-5952430,36.95498,-111.48376,DWQ-001,UTAHDWQ_WQX,Water Grab Sampling,pH,,7.68,None,
Water,,2021-03-23,UTAHDWQ_WQX-5952430,36.95498,-111.48376,DWQ-001,UTAHDWQ_WQX,Water Grab Sampling,pH,,7.68,None,
Water,,2021-03-23,UTAHDWQ_WQX-5952430,36.95498,-111.48376,DWQ-001,UTAHDWQ_WQX,Water Grab Sampling,pH,,7.68,None,
Water,,2021-03-23,UTAHDWQ_WQX-5952430,36.95498,-111.48376,DWQ-001,UTAHDWQ_WQX,Water Grab Sampling,pH,,7.68,None,
Water,Surface Water,2020-06-12,AZDEQ_SW-71,34.3344444,-110.9369444,Unknown,AZDEQ_SW,Unknown,pH,Total,7.69,None,
Water,,2021-03-23,UTAHDWQ_WQX-5952430,36.95498,-111.48376,DWQ-001,UTAHDWQ_WQX,Water Grab Sampling,pH,,7.69,None,
Water,,2021-03-23,UTAHDWQ_WQX-5952430,36.95498,-111.48376,DWQ-001,UTAHDWQ_WQX,Water Grab Sampling,pH,,7.69,None,
Water,,2021-03-23,UTAHDWQ_WQX-5952430,36.95498,-111.48376,DWQ-001,UTAHDWQ_WQX,Water Grab Sampling,pH,,7.69,None,
Water,Surface Water,2020-06-11,AZDEQ_SW-501,34.4067322,-111.001555,Unknown,AZDEQ_SW,Unknown,pH,Total,7.7,None,
Water,Surface Water,2020-06-11,AZDEQ_SW-501,34.4067322,-111.001555,Unknown,AZDEQ_SW,Unknown,pH,Total,7.7,None,
Water,,2021-03-23,UTAHDWQ_WQX-5952430,36.95498,-111.48376,DWQ-001,UTAHDWQ_WQX,Water Grab Sampling,pH,,7.7,None,
Water,,2021-03-23,UTAHDWQ_WQX-5952430,36.95498,-111.48376,DWQ-001,UTAHDWQ_WQX,Water Grab Sampling,pH,,7.7,None,
Water,,2021-03-23,UTAHDWQ_WQX-5952430,36.95498,-111.48376,DWQ-001,UTAHDWQ_WQX,Water Grab Sampling,pH,,7.7,None,
Water,,2021-03-23,UTAHDWQ_WQX-5952430,36.95498,-111.48376,DWQ-001,UTAHDWQ_WQX,Water Grab Sampling,pH,,7.7,None,
Water,,2021-06-24,QUECHAN_WQX-SRP03,32.73141,-114.6131,Quechan_QAPP,QUECHAN_WQX,Standard Method,pH,,7.7,None,
Water,,2021-08-10,TOHONOO'ODHAMNATION-203,31.949278,112.519583,Bottle,TOHONOO'ODHAMNATION,Bottle Sampling,pH,,7.7,None,
Water,Surface Water,2020-06-11,AZDEQ_SW-501,34.4067322,-111.001555,Unknown,AZDEQ_SW,Unknown,pH,Total,7.71,None,
Water,,2021-03-23,UTAHDWQ_WQX-5952430,36.95498,-111.48376,DWQ-001,UTAHDWQ_WQX,Water Grab Sampling,pH,,7.71,None,
Water,,2021-03-23,UTAHDWQ_WQX-5952430,36.95498,-111.48376,DWQ-001,UTAHDWQ_WQX,Water Grab Sampling,pH,,7.71,None,
Water,,2021-03-23,UTAHDWQ_WQX-5952430,36.95498,-111.48376,DWQ-001,UTAHDWQ_WQX,Water Grab Sampling,pH,,7.71,None,
Water,,2021-03-23,UTAHDWQ_WQX-5952430,36.95498,-111.48376,DWQ-001,UTAHDWQ_WQX,Water Grab Sampling,pH,,7.71,None,
Water,,2021-03-23,UTAHDWQ_WQX-5952430,36.95498,-111.48376,DWQ-001,UTAHDWQ_WQX,Water Grab Sampling,pH,,7.71,None,
Water,Surface Water,2020-04-15,AZDEQ_SW-192,31.4986111,-110.8480556,Unknown,AZDEQ_SW,Unknown,pH,Total,7.72,None,
Water,,2021-03-23,UTAHDWQ_WQX-5952430,36.95498,-111.48376,DWQ-001,UTAHDWQ_WQX,Water Grab Sampling,pH,,7.72,None,
Water,,2021-03-23,UTAHDWQ_WQX-5952430,36.95498,-111.48376,DWQ-001,UTAHDWQ_WQX,Water Grab Sampling,pH,,7.72,None,
Water,,2021-03-23,UTAHDWQ_WQX-5952430,36.95498,-111.48376,DWQ-001,UTAHDWQ_WQX,Water Grab Sampling,pH,,7.72,None,
Water,,2021-03-23,UTAHDWQ_WQX-5952430,36.95498,-111.48376,DWQ-001,UTAHDWQ_WQX,Water Grab Sampling,pH,,7.72,None,
Water,,2021-03-23,UTAHDWQ_WQX-5952430,36.95498,-111.48376,DWQ-001,UTAHDWQ_WQX,Water Grab Sampling,pH,,7.73,None,
Water,,2021-03-23,UTAHDWQ_WQX-5952430,36.95498,-111.48376,DWQ-001,UTAHDWQ_WQX,Water Grab Sampling,pH,,7.73,None,
Water,,2021-03-23,UTAHDWQ_WQX-5952430,36.95498,-111.48376,DWQ-001,UTAHDWQ_WQX,Water Grab Sampling,pH,,7.73,None,
Water,,2021-03-23,UTAHDWQ_WQX-5952430,36.95498,-111.48376,DWQ-001,UTAHDWQ_WQX,Water Grab Sampling,pH,,7.73,None,
Water,,2021-03-23,UTAHDWQ_WQX-5952430,36.95498,-111.48376,DWQ-001,UTAHDWQ_WQX,Water Grab Sampling,pH,,7.73,None,
Water,,2021-03-23,UTAHDWQ_WQX-5952430,36.95498,-111.48376,DWQ-001,UTAHDWQ_WQX,Water Grab Sampling,pH,,7.74,None,
Water,,2021-03-23,UTAHDWQ_WQX-5952430,36.95498,-111.48376,DWQ-001,UTAHDWQ_WQX,Water Grab Sampling,pH,,7.74,None,
Water,,2021-03-23,UTAHDWQ_WQX-5952430,36.95498,-111.48376,DWQ-001,UTAHDWQ_WQX,Water Grab Sampling,pH,,7.74,None,
Water,,2021-03-23,UTAHDWQ_WQX-5952430,36.95498,-111.48376,DWQ-001,UTAHDWQ_WQX,Water Grab Sampling,pH,,7.75,None,
Water,,2021-03-23,UTAHDWQ_WQX-5952430,36.95498,-111.48376,DWQ-001,UTAHDWQ_WQX,Water Grab Sampling,pH,,7.75,None,
Water,,2021-03-23,UTAHDWQ_WQX-5952430,36.95498,-111.48376,DWQ-001,UTAHDWQ_WQX,Water Grab Sampling,pH,,7.75,None,
Water,,2021-03-23,UTAHDWQ_WQX-5952430,36.95498,-111.48376,DWQ-001,UTAHDWQ_WQX,Water Grab Sampling,pH,,7.75,None,
Water,,2021-03-23,UTAHDWQ_WQX-5952430,36.95498,-111.48376,DWQ-001,UTAHDWQ_WQX,Water Grab Sampling,pH,,7.77,None,
Water,,2021-03-23,UTAHDWQ_WQX-5952430,36.95498,-111.48376,DWQ-001,UTAHDWQ_WQX,Water Grab Sampling,pH,,7.77,None,
Water,,2021-03-23,UTAHDWQ_WQX-5952430,36.95498,-111.48376,DWQ-001,UTAHDWQ_WQX,Water Grab Sampling,pH,,7.78,None,
Water,,2021-03-23,UTAHDWQ_WQX-5952430,36.95498,-111.48376,DWQ-001,UTAHDWQ_WQX,Water Grab Sampling,pH,,7.78,None,
Water,,2021-03-23,UTAHDWQ_WQX-5952430,36.95498,-111.48376,DWQ-001,UTAHDWQ_WQX,Water Grab Sampling,pH,,7.78,None,
Water,,2021-03-23,UTAHDWQ_WQX-5952430,36.95498,-111.48376,DWQ-001,UTAHDWQ_WQX,Water Grab Sampling,pH,,7.79,None,
Water,,2021-03-23,UTAHDWQ_WQX-5952430,36.95498,-111.48376,DWQ-001,UTAHDWQ_WQX,Water Grab Sampling,pH,,7.79,None,
Water,,2021-03-23,UTAHDWQ_WQX-5952430,36.95498,-111.48376,DWQ-001,UTAHDWQ_WQX,Water Grab Sampling,pH,,7.79,None,
Water,,2021-03-23,UTAHDWQ_WQX-5952430,36.95498,-111.48376,DWQ-001,UTAHDWQ_WQX,Water Grab Sampling,pH,,7.79,None,
Water,,2021-03-23,UTAHDWQ_WQX-5952430,36.95498,-111.48376,DWQ-001,UTAHDWQ_WQX,Water Grab Sampling,pH,,7.79,None,
Water,,2021-10-24,GLEC-SRSAG-A,33.5675,-111.536389,,,,pH,,7.79,None,
Water,Surface Water,2021-04-06,USGS-332055112344901,,,40,USGS parameter code 82398,Multiple verticals,pH,Total,7.8,std units,
Water,Surface Water,2020-06-11,AZDEQ_SW-501,34.4067322,-111.001555,Unknown,AZDEQ_SW,Unknown,pH,Total,7.8,None,
Water,,2021-03-23,UTAHDWQ_WQX-5952430,36.95498,-111.48376,DWQ-001,UTAHDWQ_WQX,Water Grab Sampling,pH,,7.8,None,
Water,,2021-03-23,UTAHDWQ_WQX-5952430,36.95498,-111.48376,DWQ-001,UTAHDWQ_WQX,Water Grab Sampling,pH,,7.8,None,
Water,,2021-03-23,UTAHDWQ_WQX-5952430,36.95498,-111.48376,DWQ-001,UTAHDWQ_WQX,Water Grab Sampling,pH,,7.8,None,
Water,,2021-03-25,QUECHAN_WQX-SRP03,32.73141,-114.6131,Quechan_QAPP,QUECHAN_WQX,Standard Method,pH,,7.8,None,
Water,,2021-03-23,UTAHDWQ_WQX-5952430,36.95498,-111.48376,DWQ-001,UTAHDWQ_WQX,Water Grab Sampling,pH,,7.81,None,
Water,,2021-03-23,UTAHDWQ_WQX-5952430,36.95498,-111.48376,DWQ-001,UTAHDWQ_WQX,Water Grab Sampling,pH,,7.81,None,
Water,,2021-03-23,UTAHDWQ_WQX-5952430,36.95498,-111.48376,DWQ-001,UTAHDWQ_WQX,Water Grab Sampling,pH,,7.81,None,
Water,,2021-03-23,UTAHDWQ_WQX-5952430,36.95498,-111.48376,DWQ-001,UTAHDWQ_WQX,Water Grab Sampling,pH,,7.81,None,
Water,Surface Water,2020-06-11,AZDEQ_SW-501,34.4067322,-111.001555,Unknown,AZDEQ_SW,Unknown,pH,Total,7.82,None,
Water,,2021-03-23,UTAHDWQ_WQX-5952430,36.95498,-111.48376,DWQ-001,UTAHDWQ_WQX,Water Grab Sampling,pH,,7.82,None,
Water,,2021-03-23,UTAHDWQ_WQX-5952430,36.95498,-111.48376,DWQ-001,UTAHDWQ_WQX,Water Grab Sampling,pH,,7.82,None,
Water,,2021-03-23,UTAHDWQ_WQX-5952430,36.95498,-111.48376,DWQ-001,UTAHDWQ_WQX,Water Grab Sampling,pH,,7.82,None,
Water,,2021-03-23,UTAHDWQ_WQX-5952430,36.95498,-111.48376,DWQ-001,UTAHDWQ_WQX,Water Grab Sampling,pH,,7.82,None,
Water,,2021-10-24,GLEC-SRSAG-A,33.5675,-111.536389,,,,pH,,7.82,None,
Water,,2021-10-24,GLEC-SRSAG-A,33.5675,-111.536389,,,,pH,,7.82,None,
Water,,2021-10-24,GLEC-SRSAG-A,33.5675,-111.536389,,,,pH,,7.82,None,
Water,,2021-10-24,GLEC-SRSAG-A,33.5675,-111.536389,,,,pH,,7.82,None,
Water,,2021-10-24,GLEC-SRSAG-A,33.5675,-111.536389,,,,pH,,7.82,None,
Water,,2021-10-24,GLEC-SRSAG-A,33.5675,-111.536389,,,,pH,,7.82,None,
Water,,2021-10-24,GLEC-SRSAG-A,33.5675,-111.536389,,,,pH,,7.82,None,
Water,Surface Water,2020-06-12,AZDEQ_SW-71,34.3344444,-110.9369444,Unknown,AZDEQ_SW,Unknown,pH,Total,7.83,None,
Water,,2021-03-23,UTAHDWQ_WQX-5952430,36.95498,-111.48376,DWQ-001,UTAHDWQ_WQX,Water Grab Sampling,pH,,7.83,None,
Water,,2021-03-23,UTAHDWQ_WQX-5952430,36.95498,-111.48376,DWQ-001,UTAHDWQ_WQX,Water Grab Sampling,pH,,7.83,None,
Water,,2021-03-23,UTAHDWQ_WQX-5952430,36.95498,-111.48376,DWQ-001,UTAHDWQ_WQX,Water Grab Sampling,pH,,7.83,None,
Water,,2021-03-23,UTAHDWQ_WQX-5952430,36.95498,-111.48376,DWQ-001,UTAHDWQ_WQX,Water Grab Sampling,pH,,7.84,None,
Water,,2021-03-23,UTAHDWQ_WQX-5952430,36.95498,-111.48376,DWQ-001,UTAHDWQ_WQX,Water Grab Sampling,pH,,7.84,None,
Water,,2021-10-24,GLEC-SRSAG-A,33.5675,-111.536389,,,,pH,,7.84,None,
Water,,2021-03-23,UTAHDWQ_WQX-5952430,36.95498,-111.48376,DWQ-001,UTAHDWQ_WQX,Water Grab Sampling,pH,,7.85,None,
Water,,2021-03-23,UTAHDWQ_WQX-5952430,36.95498,-111.48376,DWQ-001,UTAHDWQ_WQX,Water Grab Sampling,pH,,7.85,None,
Water,,2021-03-23,UTAHDWQ_WQX-5952430,36.95498,-111.48376,DWQ-001,UTAHDWQ_WQX,Water Grab Sampling,pH,,7.85,None,
Water,,2021-03-23,UTAHDWQ_WQX-5952430,36.95498,-111.48376,DWQ-001,UTAHDWQ_WQX,Water Grab Sampling,pH,,7.85,None,
Water,,2021-03-23,UTAHDWQ_WQX-5952430,36.95498,-111.48376,DWQ-001,UTAHDWQ_WQX,Water Grab Sampling,pH,,7.85,None,
Water,,2021-03-23,UTAHDWQ_WQX-5952430,36.95498,-111.48376,DWQ-001,UTAHDWQ_WQX,Water Grab Sampling,pH,,7.86,None,
Water,,2021-03-23,UTAHDWQ_WQX-5952430,36.95498,-111.48376,DWQ-001,UTAHDWQ_WQX,Water Grab Sampling,pH,,7.86,None,
Water,,2021-03-23,UTAHDWQ_WQX-5952430,36.95498,-111.48376,DWQ-001,UTAHDWQ_WQX,Water Grab Sampling,pH,,7.86,None,
Water,,2021-03-23,UTAHDWQ_WQX-5952430,36.95498,-111.48376,DWQ-001,UTAHDWQ_WQX,Water Grab Sampling,pH,,7.86,None,
Water,,2021-10-24,GLEC-SRSAG-A,33.5675,-111.536389,,,,pH,,7.86,None,
Water,,2021-10-24,GLEC-SRSAG-A,33.5675,-111.536389,,,,pH,,7.86,None,
Water,Surface Water,2020-04-15,AZDEQ_SW-192,31.4986111,-110.8480556,Unknown,AZDEQ_SW,Unknown,pH,Total,7.87,None,
Water,,2021-03-23,UTAHDWQ_WQX-5952430,36.95498,-111.48376,DWQ-001,UTAHDWQ_WQX,Water Grab Sampling,pH,,7.87,None,
Water,,2021-03-23,UTAHDWQ_WQX-5952430,36.95498,-111.48376,DWQ-001,UTAHDWQ_WQX,Water Grab Sampling,pH,,7.87,None,
Water,,2021-03-23,UTAHDWQ_WQX-5952430,36.95498,-111.48376,DWQ-001,UTAHDWQ_WQX,Water Grab Sampling,pH,,7.87,None,
Water,,2021-10-12,GLEC-SRROO-A,33.676944,-111.154167,,,,pH,,7.87,None,
Water,Surface Water,2020-06-12,AZDEQ_SW-71,34.3344444,-110.9369444,Unknown,AZDEQ_SW,Unknown,pH,Total,7.88,None,
Water,,2021-03-23,UTAHDWQ_WQX-5952430,36.95498,-111.48376,DWQ-001,UTAHDWQ_WQX,Water Grab Sampling,pH,,7.88,None,
Water,,2021-03-23,UTAHDWQ_WQX-5952430,36.95498,-111.48376,DWQ-001,UTAHDWQ_WQX,Water Grab Sampling,pH,,7.88,None,
Water,,2021-03-23,UTAHDWQ_WQX-5952430,36.95498,-111.48376,DWQ-001,UTAHDWQ_WQX,Water Grab Sampling,pH,,7.88,None,
Water,,2021-03-23,UTAHDWQ_WQX-5952430,36.95498,-111.48376,DWQ-001,UTAHDWQ_WQX,Water Grab Sampling,pH,,7.88,None,
Water,,2021-03-23,UTAHDWQ_WQX-5952430,36.95498,-111.48376,DWQ-001,UTAHDWQ_WQX,Water Grab Sampling,pH,,7.88,None,
Water,,2021-03-23,UTAHDWQ_WQX-5952430,36.95498,-111.48376,DWQ-001,UTAHDWQ_WQX,Water Grab Sampling,pH,,7.89,None,
Water,,2021-03-23,UTAHDWQ_WQX-5952430,36.95498,-111.48376,DWQ-001,UTAHDWQ_WQX,Water Grab Sampling,pH,,7.89,None,
Water,,2021-03-23,UTAHDWQ_WQX-5952430,36.95498,-111.48376,DWQ-001,UTAHDWQ_WQX,Water Grab Sampling,pH,,7.89,None,
Water,,2021-03-23,UTAHDWQ_WQX-5952430,36.95498,-111.48376,DWQ-001,UTAHDWQ_WQX,Water Grab Sampling,pH,,7.89,None,
Water,,2021-03-23,UTAHDWQ_WQX-5952430,36.95498,-111.48376,DWQ-001,UTAHDWQ_WQX,Water Grab Sampling,pH,,7.89,None,
Water,,2021-03-23,UTAHDWQ_WQX-5952430,36.95498,-111.48376,DWQ-001,UTAHDWQ_WQX,Water Grab Sampling,pH,,7.89,None,
Water,,2020-02-27,QUECHAN_WQX-SRP03,32.73141,-114.6131,Quechan_QAPP,QUECHAN_WQX,Standard Method,pH,,7.9,None,
Water,,2021-03-23,UTAHDWQ_WQX-5952430,36.95498,-111.48376,DWQ-001,UTAHDWQ_WQX,Water Grab Sampling,pH,,7.9,None,
Water,,2021-03-23,UTAHDWQ_WQX-5952430,36.95498,-111.48376,DWQ-001,UTAHDWQ_WQX,Water Grab Sampling,pH,,7.9,None,
Water,,2021-03-23,UTAHDWQ_WQX-5952430,36.95498,-111.48376,DWQ-001,UTAHDWQ_WQX,Water Grab Sampling,pH,,7.9,None,
Water,,2021-03-23,UTAHDWQ_WQX-5952430,36.95498,-111.48376,DWQ-001,UTAHDWQ_WQX,Water Grab Sampling,pH,,7.9,None,
Water,,2021-03-23,UTAHDWQ_WQX-5952430,36.95498,-111.48376,DWQ-001,UTAHDWQ_WQX,Water Grab Sampling,pH,,7.9,None,
Water,,2021-03-23,UTAHDWQ_WQX-5952430,36.95498,-111.48376,DWQ-001,UTAHDWQ_WQX,Water Grab Sampling,pH,,7.9,None,
Water,,2021-03-23,UTAHDWQ_WQX-5952430,36.95498,-111.48376,DWQ-001,UTAHDWQ_WQX,Water Grab Sampling,pH,,7.9,None,
Water,,2021-03-23,UTAHDWQ_WQX-5952430,36.95498,-111.48376,DWQ-001,UTAHDWQ_WQX,Water Grab Sampling,pH,,7.91,None,
Water,,2021-03-23,UTAHDWQ_WQX-5952430,36.95498,-111.48376,DWQ-001,UTAHDWQ_WQX,Water Grab Sampling,pH,,7.91,None,
Water,,2021-03-23,UTAHDWQ_WQX-5952430,36.95498,-111.48376,DWQ-001,UTAHDWQ_WQX,Water Grab Sampling,pH,,7.91,None,
Water,,2021-03-23,UTAHDWQ_WQX-5952430,36.95498,-111.48376,DWQ-001,UTAHDWQ_WQX,Water Grab Sampling,pH,,7.91,None,
Water,,2021-03-23,UTAHDWQ_WQX-5952430,36.95498,-111.48376,DWQ-001,UTAHDWQ_WQX,Water Grab Sampling,pH,,7.91,None,
Water,,2021-03-23,UTAHDWQ_WQX-5952430,36.95498,-111.48376,DWQ-001,UTAHDWQ_WQX,Water Grab Sampling,pH,,7.91,None,
Water,,2021-03-23,UTAHDWQ_WQX-5952430,36.95498,-111.48376,DWQ-001,UTAHDWQ_WQX,Water Grab Sampling,pH,,7.91,None,
Water,,2021-03-23,UTAHDWQ_WQX-5952430,36.95498,-111.48376,DWQ-001,UTAHDWQ_WQX,Water Grab Sampling,pH,,7.91,None,
Water,,2021-03-23,UTAHDWQ_WQX-5952430,36.95498,-111.48376,DWQ-001,UTAHDWQ_WQX,Water Grab Sampling,pH,,7.91,None,
Water,,2021-03-23,UTAHDWQ_WQX-5952430,36.95498,-111.48376,DWQ-001,UTAHDWQ_WQX,Water Grab Sampling,pH,,7.91,None,
Water,,2021-03-23,UTAHDWQ_WQX-5952430,36.95498,-111.48376,DWQ-001,UTAHDWQ_WQX,Water Grab Sampling,pH,,7.92,None,
Water,,2021-03-23,UTAHDWQ_WQX-5952430,36.95498,-111.48376,DWQ-001,UTAHDWQ_WQX,Water Grab Sampling,pH,,7.92,None,
Water,,2021-03-23,UTAHDWQ_WQX-5952430,36.95498,-111.48376,DWQ-001,UTAHDWQ_WQX,Water Grab Sampling,pH,,7.92,None,
Water,,2021-03-23,UTAHDWQ_WQX-5952430,36.95498,-111.48376,DWQ-001,UTAHDWQ_WQX,Water Grab Sampling,pH,,7.92,None,
Water,,2021-03-23,UTAHDWQ_WQX-5952430,36.95498,-111.48376,DWQ-001,UTAHDWQ_WQX,Water Grab Sampling,pH,,7.92,None,
Water,,2021-03-23,UTAHDWQ_WQX-5952430,36.95498,-111.48376,DWQ-001,UTAHDWQ_WQX,Water Grab Sampling,pH,,7.92,None,
Water,,2021-03-23,UTAHDWQ_WQX-5952430,36.95498,-111.48376,DWQ-001,UTAHDWQ_WQX,Water Grab Sampling,pH,,7.92,None,
Water,,2021-03-23,UTAHDWQ_WQX-5952430,36.95498,-111.48376,DWQ-001,UTAHDWQ_WQX,Water Grab Sampling,pH,,7.92,None,
Water,,2021-03-23,UTAHDWQ_WQX-5952430,36.95498,-111.48376,DWQ-001,UTAHDWQ_WQX,Water Grab Sampling,pH,,7.92,None,
Water,,2021-03-23,UTAHDWQ_WQX-5952430,36.95498,-111.48376,DWQ-001,UTAHDWQ_WQX,Water Grab Sampling,pH,,7.92,None,
Water,,2021-03-23,UTAHDWQ_WQX-5952430,36.95498,-111.48376,DWQ-001,UTAHDWQ_WQX,Water Grab Sampling,pH,,7.92,None,
Water,,2021-03-23,UTAHDWQ_WQX-5952430,36.95498,-111.48376,DWQ-001,UTAHDWQ_WQX,Water Grab Sampling,pH,,7.92,None,
Water,,2021-03-23,UTAHDWQ_WQX-5952430,36.95498,-111.48376,DWQ-001,UTAHDWQ_WQX,Water Grab Sampling,pH,,7.92,None,
Water,Surface Water,2020-06-12,AZDEQ_SW-71,34.3344444,-110.9369444,Unknown,AZDEQ_SW,Unknown,pH,Total,7.93,None,
Water,,2021-03-23,UTAHDWQ_WQX-5952430,36.95498,-111.48376,DWQ-001,UTAHDWQ_WQX,Water Grab Sampling,pH,,7.93,None,
Water,,2021-03-23,UTAHDWQ_WQX-5952430,36.95498,-111.48376,DWQ-001,UTAHDWQ_WQX,Water Grab Sampling,pH,,7.93,None,
Water,,2021-03-23,UTAHDWQ_WQX-5952430,36.95498,-111.48376,DWQ-001,UTAHDWQ_WQX,Water Grab Sampling,pH,,7.93,None,
Water,,2021-03-23,UTAHDWQ_WQX-5952430,36.95498,-111.48376,DWQ-001,UTAHDWQ_WQX,Water Grab Sampling,pH,,7.93,None,
Water,,2021-03-23,UTAHDWQ_WQX-5952430,36.95498,-111.48376,DWQ-001,UTAHDWQ_WQX,Water Grab Sampling,pH,,7.93,None,
Water,,2021-03-23,UTAHDWQ_WQX-5952430,36.95498,-111.48376,DWQ-001,UTAHDWQ_WQX,Water Grab Sampling,pH,,7.93,None,
Water,,2021-03-23,UTAHDWQ_WQX-5952430,36.95498,-111.48376,DWQ-001,UTAHDWQ_WQX,Water Grab Sampling,pH,,7.93,None,
Water,,2021-03-23,UTAHDWQ_WQX-5952430,36.95498,-111.48376,DWQ-001,UTAHDWQ_WQX,Water Grab Sampling,pH,,7.93,None,
Water,,2021-03-23,UTAHDWQ_WQX-5952430,36.95498,-111.48376,DWQ-001,UTAHDWQ_WQX,Water Grab Sampling,pH,,7.93,None,
Water,,2021-03-23,UTAHDWQ_WQX-5952430,36.95498,-111.48376,DWQ-001,UTAHDWQ_WQX,Water Grab Sampling,pH,,7.93,None,
Water,,2021-03-23,UTAHDWQ_WQX-5952430,36.95498,-111.48376,DWQ-001,UTAHDWQ_WQX,Water Grab Sampling,pH,,7.93,None,
Water,,2021-03-23,UTAHDWQ_WQX-5952430,36.95498,-111.48376,DWQ-001,UTAHDWQ_WQX,Water Grab Sampling,pH,,7.93,None,
Water,,2021-03-23,UTAHDWQ_WQX-5952430,36.95498,-111.48376,DWQ-001,UTAHDWQ_WQX,Water Grab Sampling,pH,,7.93,None,
Water,,2021-03-23,UTAHDWQ_WQX-5952430,36.95498,-111.48376,DWQ-001,UTAHDWQ_WQX,Water Grab Sampling,pH,,7.93,None,
Water,,2021-03-23,UTAHDWQ_WQX-5952430,36.95498,-111.48376,DWQ-001,UTAHDWQ_WQX,Water Grab Sampling,pH,,7.93,None,
Water,,2021-03-23,UTAHDWQ_WQX-5952430,36.95498,-111.48376,DWQ-001,UTAHDWQ_WQX,Water Grab Sampling,pH,,7.93,None,
Water,,2021-03-23,UTAHDWQ_WQX-5952430,36.95498,-111.48376,DWQ-001,UTAHDWQ_WQX,Water Grab Sampling,pH,,7.93,None,
Water,,2021-03-23,UTAHDWQ_WQX-5952430,36.95498,-111.48376,DWQ-001,UTAHDWQ_WQX,Water Grab Sampling,pH,,7.93,None,
Water,,2021-10-12,GLEC-SRROO-A,33.676944,-111.154167,,,,pH,,7.93,None,
Water,,2021-10-12,GLEC-SRROO-A,33.676944,-111.154167,,,,pH,,7.93,None,
Water,,2021-10-12,GLEC-SRROO-A,33.676944,-111.154167,,,,pH,,7.93,None,
Water,,2021-10-12,GLEC-SRROO-A,33.676944,-111.154167,,,,pH,,7.93,None,
Water,,2021-03-23,UTAHDWQ_WQX-5952430,36.95498,-111.48376,DWQ-001,UTAHDWQ_WQX,Water Grab Sampling,pH,,7.94,None,
Water,,2021-03-23,UTAHDWQ_WQX-5952430,36.95498,-111.48376,DWQ-001,UTAHDWQ_WQX,Water Grab Sampling,pH,,7.94,None,
Water,,2021-03-23,UTAHDWQ_WQX-5952430,36.95498,-111.48376,DWQ-001,UTAHDWQ_WQX,Water Grab Sampling,pH,,7.94,None,
Water,,2021-03-23,UTAHDWQ_WQX-5952430,36.95498,-111.48376,DWQ-001,UTAHDWQ_WQX,Water Grab Sampling,pH,,7.94,None,
Water,,2021-03-23,UTAHDWQ_WQX-5952430,36.95498,-111.48376,DWQ-001,UTAHDWQ_WQX,Water Grab Sampling,pH,,7.94,None,
Water,,2021-03-23,UTAHDWQ_WQX-5952430,36.95498,-111.48376,DWQ-001,UTAHDWQ_WQX,Water Grab Sampling,pH,,7.94,None,
Water,,2021-03-23,UTAHDWQ_WQX-5952430,36.95498,-111.48376,DWQ-001,UTAHDWQ_WQX,Water Grab Sampling,pH,,7.94,None,
Water,,2021-03-23,UTAHDWQ_WQX-5952430,36.95498,-111.48376,DWQ-001,UTAHDWQ_WQX,Water Grab Sampling,pH,,7.94,None,
Water,,2021-03-23,UTAHDWQ_WQX-5952430,36.95498,-111.48376,DWQ-001,UTAHDWQ_WQX,Water Grab Sampling,pH,,7.94,None,
Water,,2021-03-23,UTAHDWQ_WQX-5952430,36.95498,-111.48376,DWQ-001,UTAHDWQ_WQX,Water Grab Sampling,pH,,7.94,None,
Water,,2021-03-23,UTAHDWQ_WQX-5952430,36.95498,-111.48376,DWQ-001,UTAHDWQ_WQX,Water Grab Sampling,pH,,7.94,None,
Water,,2021-03-23,UTAHDWQ_WQX-5952430,36.95498,-111.48376,DWQ-001,UTAHDWQ_WQX,Water Grab Sampling,pH,,7.94,None,
Water,,2021-03-23,UTAHDWQ_WQX-5952430,36.95498,-111.48376,DWQ-001,UTAHDWQ_WQX,Water Grab Sampling,pH,,7.94,None,
Water,,2021-03-23,UTAHDWQ_WQX-5952430,36.95498,-111.48376,DWQ-001,UTAHDWQ_WQX,Water Grab Sampling,pH,,7.94,None,
Water,,2021-03-23,UTAHDWQ_WQX-5952430,36.95498,-111.48376,DWQ-001,UTAHDWQ_WQX,Water Grab Sampling,pH,,7.94,None,
Water,,2021-03-23,UTAHDWQ_WQX-5952430,36.95498,-111.48376,DWQ-001,UTAHDWQ_WQX,Water Grab Sampling,pH,,7.94,None,
Water,,2021-03-23,UTAHDWQ_WQX-5952430,36.95498,-111.48376,DWQ-001,UTAHDWQ_WQX,Water Grab Sampling,pH,,7.94,None,
Water,,2021-03-23,UTAHDWQ_WQX-5952430,36.95498,-111.48376,DWQ-001,UTAHDWQ_WQX,Water Grab Sampling,pH,,7.94,None,
Water,,2021-03-23,UTAHDWQ_WQX-5952430,36.95498,-111.48376,DWQ-001,UTAHDWQ_WQX,Water Grab Sampling,pH,,7.94,None,
Water,,2021-03-23,UTAHDWQ_WQX-5952430,36.95498,-111.48376,DWQ-001,UTAHDWQ_WQX,Water Grab Sampling,pH,,7.94,None,
Water,,2021-03-23,UTAHDWQ_WQX-5952430,36.95498,-111.48376,DWQ-001,UTAHDWQ_WQX,Water Grab Sampling,pH,,7.94,None,
Water,,2021-03-23,UTAHDWQ_WQX-5952430,36.95498,-111.48376,DWQ-001,UTAHDWQ_WQX,Water Grab Sampling,pH,,7.94,None,
Water,,2021-03-23,UTAHDWQ_WQX-5952430,36.95498,-111.48376,DWQ-001,UTAHDWQ_WQX,Water Grab Sampling,pH,,7.94,None,
Water,,2021-03-23,UTAHDWQ_WQX-5952430,36.95498,-111.48376,DWQ-001,UTAHDWQ_WQX,Water Grab Sampling,pH,,7.94,None,
Water,,2021-03-23,UTAHDWQ_WQX-5952430,36.95498,-111.48376,DWQ-001,UTAHDWQ_WQX,Water Grab Sampling,pH,,7.94,None,
Water,,2021-03-23,UTAHDWQ_WQX-5952430,36.95498,-111.48376,DWQ-001,UTAHDWQ_WQX,Water Grab Sampling,pH,,7.94,None,
Water,,2021-03-23,UTAHDWQ_WQX-5952430,36.95498,-111.48376,DWQ-001,UTAHDWQ_WQX,Water Grab Sampling,pH,,7.94,None,
Water,,2021-03-23,UTAHDWQ_WQX-5952430,36.95498,-111.48376,DWQ-001,UTAHDWQ_WQX,Water Grab Sampling,pH,,7.94,None,
Water,,2021-03-23,UTAHDWQ_WQX-5952430,36.95498,-111.48376,DWQ-001,UTAHDWQ_WQX,Water Grab Sampling,pH,,7.94,None,
Water,,2021-03-23,UTAHDWQ_WQX-5952430,36.95498,-111.48376,DWQ-001,UTAHDWQ_WQX,Water Grab Sampling,pH,,7.94,None,
Water,,2021-03-23,UTAHDWQ_WQX-5952430,36.95498,-111.48376,DWQ-001,UTAHDWQ_WQX,Water Grab Sampling,pH,,7.94,None,
Water,,2021-03-23,UTAHDWQ_WQX-5952430,36.95498,-111.48376,DWQ-001,UTAHDWQ_WQX,Water Grab Sampling,pH,,7.94,None,
Water,,2021-03-23,UTAHDWQ_WQX-5952430,36.95498,-111.48376,DWQ-001,UTAHDWQ_WQX,Water Grab Sampling,pH,,7.94,None,
Water,,2021-03-23,UTAHDWQ_WQX-5952430,36.95498,-111.48376,DWQ-001,UTAHDWQ_WQX,Water Grab Sampling,pH,,7.94,None,
Water,,2021-03-23,UTAHDWQ_WQX-5952430,36.95498,-111.48376,DWQ-001,UTAHDWQ_WQX,Water Grab Sampling,pH,,7.94,None,
Water,,2021-03-23,UTAHDWQ_WQX-5952430,36.95498,-111.48376,DWQ-001,UTAHDWQ_WQX,Water Grab Sampling,pH,,7.94,None,
Water,,2021-03-23,UTAHDWQ_WQX-5952430,36.95498,-111.48376,DWQ-001,UTAHDWQ_WQX,Water Grab Sampling,pH,,7.94,None,
Water,,2021-03-23,UTAHDWQ_WQX-5952430,36.95498,-111.48376,DWQ-001,UTAHDWQ_WQX,Water Grab Sampling,pH,,7.94,None,
Water,,2021-03-23,UTAHDWQ_WQX-5952430,36.95498,-111.48376,DWQ-001,UTAHDWQ_WQX,Water Grab Sampling,pH,,7.94,None,
Water,,2021-10-12,GLEC-SRROO-A,33.676944,-111.154167,,,,pH,,7.94,None,
Water,,2021-10-12,GLEC-SRROO-A,33.676944,-111.154167,,,,pH,,7.94,None,
Water,,2021-10-12,GLEC-SRROO-A,33.676944,-111.154167,,,,pH,,7.94,None,
Water,,2021-10-12,GLEC-SRROO-A,33.676944,-111.154167,,,,pH,,7.94,None,
Water,,2021-10-12,GLEC-SRROO-A,33.676944,-111.154167,,,,pH,,7.94,None,
Water,,2021-10-12,GLEC-SRROO-A,33.676944,-111.154167,,,,pH,,7.94,None,
Water,,2021-10-12,GLEC-SRROO-A,33.676944,-111.154167,,,,pH,,7.94,None,
Water,,2021-10-12,GLEC-SRROO-A,33.676944,-111.154167,,,,pH,,7.94,None,
Water,,2021-03-23,UTAHDWQ_WQX-5952430,36.95498,-111.48376,DWQ-001,UTAHDWQ_WQX,Water Grab Sampling,pH,,7.96,None,
Water,Surface Water,2020-03-04,AZDEQ_SW-192,31.4986111,-110.8480556,Unknown,AZDEQ_SW,Unknown,pH,Total,7.97,None,
Water,Surface Water,2020-04-15,AZDEQ_SW-192,31.4986111,-110.8480556,Unknown,AZDEQ_SW,Unknown,pH,Total,7.98,None,
Water,Surface Water,2020-03-04,AZDEQ_SW-192,31.4986111,-110.8480556,Unknown,AZDEQ_SW,Unknown,pH,Total,7.98,None,
Water,Surface Water,2020-06-12,AZDEQ_SW-71,34.3344444,-110.9369444,Unknown,AZDEQ_SW,Unknown,pH,Total,7.98,None,
Water,,2021-03-23,UTAHDWQ_WQX-5952430,36.95498,-111.48376,DWQ-001,UTAHDWQ_WQX,Water Grab Sampling,pH,,7.98,None,
Water,Surface Water,2020-11-18,AZDEQ_SW-28,35.1983333,-114.5686111,Unknown,AZDEQ_SW,Unknown,pH,Total,7.99,None,
Water,Surface Water,2020-03-04,AZDEQ_SW-192,31.4986111,-110.8480556,Unknown,AZDEQ_SW,Unknown,pH,Total,7.99,None,
Water,Surface Water,2020-03-04,AZDEQ_SW-192,31.4986111,-110.8480556,Unknown,AZDEQ_SW,Unknown,pH,Total,8,None,
Water,Surface Water,2020-06-12,AZDEQ_SW-71,34.3344444,-110.9369444,Unknown,AZDEQ_SW,Unknown,pH,Total,8,None,
Water,,2021-03-23,UTAHDWQ_WQX-5952430,36.95498,-111.48376,DWQ-001,UTAHDWQ_WQX,Water Grab Sampling,pH,,8,None,
Water,Surface Water,2020-03-04,AZDEQ_SW-192,31.4986111,-110.8480556,Unknown,AZDEQ_SW,Unknown,pH,Total,8.01,None,
Water,Surface Water,2020-03-04,AZDEQ_SW-192,31.4986111,-110.8480556,Unknown,AZDEQ_SW,Unknown,pH,Total,8.01,None,
Water,,2021-03-23,UTAHDWQ_WQX-5952430,36.95498,-111.48376,DWQ-001,UTAHDWQ_WQX,Water Grab Sampling,pH,,8.02,None,
Water,Surface Water,2020-04-15,AZDEQ_SW-192,31.4986111,-110.8480556,Unknown,AZDEQ_SW,Unknown,pH,Total,8.03,None,
Water,Surface Water,2020-09-30,AZDEQ_SW-28,35.1983333,-114.5686111,Unknown,AZDEQ_SW,Unknown,pH,Total,8.03,None,
Water,Surface Water,2020-09-30,AZDEQ_SW-28,35.1983333,-114.5686111,Unknown,AZDEQ_SW,Unknown,pH,Total,8.03,None,
Water,Surface Water,2020-04-15,AZDEQ_SW-192,31.4986111,-110.8480556,Unknown,AZDEQ_SW,Unknown,pH,Total,8.04,None,
Water,,2021-03-23,UTAHDWQ_WQX-5952430,36.95498,-111.48376,DWQ-001,UTAHDWQ_WQX,Water Grab Sampling,pH,,8.04,None,
Water,Surface Water,2020-04-15,AZDEQ_SW-192,31.4986111,-110.8480556,Unknown,AZDEQ_SW,Unknown,pH,Total,8.05,None,
Water,Surface Water,2020-09-30,AZDEQ_SW-1338,35.2202778,-114.5672222,Unknown,AZDEQ_SW,Unknown,pH,Total,8.06,None,
Water,Surface Water,2020-09-30,AZDEQ_SW-1338,35.2202778,-114.5672222,Unknown,AZDEQ_SW,Unknown,pH,Total,8.06,None,
Water,Surface Water,2020-09-30,AZDEQ_SW-1338,35.2202778,-114.5672222,Unknown,AZDEQ_SW,Unknown,pH,Total,8.06,None,
Water,Surface Water,2020-03-04,AZDEQ_SW-192,31.4986111,-110.8480556,Unknown,AZDEQ_SW,Unknown,pH,Total,8.06,None,
Water,Surface Water,2020-04-15,AZDEQ_SW-192,31.4986111,-110.8480556,Unknown,AZDEQ_SW,Unknown,pH,Total,8.06,None,
Water,,2021-03-23,UTAHDWQ_WQX-5952430,36.95498,-111.48376,DWQ-001,UTAHDWQ_WQX,Water Grab Sampling,pH,,8.06,None,
Water,Surface Water,2020-04-15,AZDEQ_SW-192,31.4986111,-110.8480556,Unknown,AZDEQ_SW,Unknown,pH,Total,8.07,None,
Water,,2021-03-23,UTAHDWQ_WQX-5952430,36.95498,-111.48376,DWQ-001,UTAHDWQ_WQX,Water Grab Sampling,pH,,8.07,None,
Water,Surface Water,2020-04-15,AZDEQ_SW-192,31.4986111,-110.8480556,Unknown,AZDEQ_SW,Unknown,pH,Total,8.08,None,
Water,Surface Water,2020-09-30,AZDEQ_SW-1338,35.2202778,-114.5672222,Unknown,AZDEQ_SW,Unknown,pH,Total,8.08,None,
Water,Surface Water,2020-03-04,AZDEQ_SW-192,31.4986111,-110.8480556,Unknown,AZDEQ_SW,Unknown,pH,Total,8.09,None,
Water,Surface Water,2020-09-30,AZDEQ_SW-1338,35.2202778,-114.5672222,Unknown,AZDEQ_SW,Unknown,pH,Total,8.09,None,
Water,Surface Water,2020-09-22,AZDEQ_SW-548,33.5705556,-112.1191667,Unknown,AZDEQ_SW,Unknown,pH,Total,8.09,None,
Water,Surface Water,2020-06-12,AZDEQ_SW-71,34.3344444,-110.9369444,Unknown,AZDEQ_SW,Unknown,pH,Total,8.09,None,
Water,,2021-03-23,UTAHDWQ_WQX-5952430,36.95498,-111.48376,DWQ-001,UTAHDWQ_WQX,Water Grab Sampling,pH,,8.09,None,
Water,Surface Water,2020-09-22,AZDEQ_SW-548,33.5705556,-112.1191667,Unknown,AZDEQ_SW,Unknown,pH,Total,8.1,None,
Water,,2020-12-03,QUECHAN_WQX-SRP03,32.73141,-114.6131,Quechan_QAPP,QUECHAN_WQX,Standard Method,pH,,8.1,None,
Water,Surface Water,2020-03-04,AZDEQ_SW-192,31.4986111,-110.8480556,Unknown,AZDEQ_SW,Unknown,pH,Total,8.1,None,
Water,Surface Water,2020-03-04,AZDEQ_SW-192,31.4986111,-110.8480556,Unknown,AZDEQ_SW,Unknown,pH,Total,8.1,None,
Water,Surface Water,2020-03-04,AZDEQ_SW-192,31.4986111,-110.8480556,Unknown,AZDEQ_SW,Unknown,pH,Total,8.1,None,
Water,Surface Water,2020-03-04,AZDEQ_SW-192,31.4986111,-110.8480556,Unknown,AZDEQ_SW,Unknown,pH,Total,8.1,None,
Water,Surface Water,2020-03-04,AZDEQ_SW-192,31.4986111,-110.8480556,Unknown,AZDEQ_SW,Unknown,pH,Total,8.11,None,
Water,Surface Water,2020-03-04,AZDEQ_SW-192,31.4986111,-110.8480556,Unknown,AZDEQ_SW,Unknown,pH,Total,8.11,None,
Water,,2021-03-23,UTAHDWQ_WQX-5952430,36.95498,-111.48376,DWQ-001,UTAHDWQ_WQX,Water Grab Sampling,pH,,8.11,None,
Water,,2021-03-23,UTAHDWQ_WQX-5952430,36.95498,-111.48376,DWQ-001,UTAHDWQ_WQX,Water Grab Sampling,pH,,8.11,None,
Water,Surface Water,2020-03-04,AZDEQ_SW-192,31.4986111,-110.8480556,Unknown,AZDEQ_SW,Unknown,pH,Total,8.12,None,
Water,,2021-03-23,UTAHDWQ_WQX-5952430,36.95498,-111.48376,DWQ-001,UTAHDWQ_WQX,Water Grab Sampling,pH,,8.12,None,
Water,Surface Water,2020-09-30,AZDEQ_SW-28,35.1983333,-114.5686111,Unknown,AZDEQ_SW,Unknown,pH,Total,8.13,None,
Water,Surface Water,2020-03-04,AZDEQ_SW-192,31.4986111,-110.8480556,Unknown,AZDEQ_SW,Unknown,pH,Total,8.13,None,
Water,,2021-03-23,UTAHDWQ_WQX-5952430,36.95498,-111.48376,DWQ-001,UTAHDWQ_WQX,Water Grab Sampling,pH,,8.13,None,
Water,,2021-03-23,UTAHDWQ_WQX-5952430,36.95498,-111.48376,DWQ-001,UTAHDWQ_WQX,Water Grab Sampling,pH,,8.14,None,
Water,,2021-03-23,UTAHDWQ_WQX-5952430,36.95498,-111.48376,DWQ-001,UTAHDWQ_WQX,Water Grab Sampling,pH,,8.14,None,
Water,Surface Water,2020-09-30,AZDEQ_SW-1338,35.2202778,-114.5672222,Unknown,AZDEQ_SW,Unknown,pH,Total,8.15,None,
Water,Surface Water,2020-09-30,AZDEQ_SW-28,35.1983333,-114.5686111,Unknown,AZDEQ_SW,Unknown,pH,Total,8.15,None,
Water,,2021-03-23,UTAHDWQ_WQX-5952430,36.95498,-111.48376,DWQ-001,UTAHDWQ_WQX,Water Grab Sampling,pH,,8.15,None,
Water,,2021-03-23,UTAHDWQ_WQX-5952430,36.95498,-111.48376,DWQ-001,UTAHDWQ_WQX,Water Grab Sampling,pH,,8.15,None,
Water,,2021-03-23,UTAHDWQ_WQX-5952430,36.95498,-111.48376,DWQ-001,UTAHDWQ_WQX,Water Grab Sampling,pH,,8.15,None,
Water,,2021-03-23,UTAHDWQ_WQX-5952430,36.95498,-111.48376,DWQ-001,UTAHDWQ_WQX,Water Grab Sampling,pH,,8.16,None,
Water,,2021-03-23,UTAHDWQ_WQX-5952430,36.95498,-111.48376,DWQ-001,UTAHDWQ_WQX,Water Grab Sampling,pH,,8.16,None,
Water,,2021-03-23,UTAHDWQ_WQX-5952430,36.95498,-111.48376,DWQ-001,UTAHDWQ_WQX,Water Grab Sampling,pH,,8.16,None,
Water,,2021-03-23,UTAHDWQ_WQX-5952430,36.95498,-111.48376,DWQ-001,UTAHDWQ_WQX,Water Grab Sampling,pH,,8.16,None,
Water,,2021-03-23,UTAHDWQ_WQX-5952430,36.95498,-111.48376,DWQ-001,UTAHDWQ_WQX,Water Grab Sampling,pH,,8.16,None,
Water,,2021-03-23,UTAHDWQ_WQX-5952430,36.95498,-111.48376,DWQ-001,UTAHDWQ_WQX,Water Grab Sampling,pH,,8.16,None,
Water,,2021-03-23,UTAHDWQ_WQX-5952430,36.95498,-111.48376,DWQ-001,UTAHDWQ_WQX,Water Grab Sampling,pH,,8.16,None,
Water,,2021-03-23,UTAHDWQ_WQX-5952430,36.95498,-111.48376,DWQ-001,UTAHDWQ_WQX,Water Grab Sampling,pH,,8.16,None,
Water,,2021-03-23,UTAHDWQ_WQX-5952430,36.95498,-111.48376,DWQ-001,UTAHDWQ_WQX,Water Grab Sampling,pH,,8.17,None,
Water,,2021-03-23,UTAHDWQ_WQX-5952430,36.95498,-111.48376,DWQ-001,UTAHDWQ_WQX,Water Grab Sampling,pH,,8.17,None,
Water,,2021-03-23,UTAHDWQ_WQX-5952430,36.95498,-111.48376,DWQ-001,UTAHDWQ_WQX,Water Grab Sampling,pH,,8.17,None,
Water,,2021-03-23,UTAHDWQ_WQX-5952430,36.95498,-111.48376,DWQ-001,UTAHDWQ_WQX,Water Grab Sampling,pH,,8.17,None,
Water,Surface Water,2020-08-25,AZDEQ_SW-548,33.5705556,-112.1191667,Unknown,AZDEQ_SW,Unknown,pH,Total,8.18,None,
Water,,2021-03-23,UTAHDWQ_WQX-5952430,36.95498,-111.48376,DWQ-001,UTAHDWQ_WQX,Water Grab Sampling,pH,,8.18,None,
Water,,2021-03-23,UTAHDWQ_WQX-5952430,36.95498,-111.48376,DWQ-001,UTAHDWQ_WQX,Water Grab Sampling,pH,,8.18,None,
Water,,2021-03-23,UTAHDWQ_WQX-5952430,36.95498,-111.48376,DWQ-001,UTAHDWQ_WQX,Water Grab Sampling,pH,,8.18,None,
Water,,2021-03-23,UTAHDWQ_WQX-5952430,36.95498,-111.48376,DWQ-001,UTAHDWQ_WQX,Water Grab Sampling,pH,,8.18,None,
Water,,2021-03-23,UTAHDWQ_WQX-5952430,36.95498,-111.48376,DWQ-001,UTAHDWQ_WQX,Water Grab Sampling,pH,,8.18,None,
Water,,2021-03-23,UTAHDWQ_WQX-5952430,36.95498,-111.48376,DWQ-001,UTAHDWQ_WQX,Water Grab Sampling,pH,,8.18,None,
Water,,2021-03-23,UTAHDWQ_WQX-5952430,36.95498,-111.48376,DWQ-001,UTAHDWQ_WQX,Water Grab Sampling,pH,,8.18,None,
Water,,2021-03-23,UTAHDWQ_WQX-5952430,36.95498,-111.48376,DWQ-001,UTAHDWQ_WQX,Water Grab Sampling,pH,,8.18,None,
Water,,2021-03-23,UTAHDWQ_WQX-5952430,36.95498,-111.48376,DWQ-001,UTAHDWQ_WQX,Water Grab Sampling,pH,,8.18,None,
Water,,2021-03-23,UTAHDWQ_WQX-5952430,36.95498,-111.48376,DWQ-001,UTAHDWQ_WQX,Water Grab Sampling,pH,,8.18,None,
Water,,2021-03-23,UTAHDWQ_WQX-5952430,36.95498,-111.48376,DWQ-001,UTAHDWQ_WQX,Water Grab Sampling,pH,,8.18,None,
Water,,2021-03-23,UTAHDWQ_WQX-5952430,36.95498,-111.48376,DWQ-001,UTAHDWQ_WQX,Water Grab Sampling,pH,,8.18,None,
Water,Surface Water,2020-09-30,AZDEQ_SW-28,35.1983333,-114.5686111,Unknown,AZDEQ_SW,Unknown,pH,Total,8.19,None,
Water,,2021-03-23,UTAHDWQ_WQX-5952430,36.95498,-111.48376,DWQ-001,UTAHDWQ_WQX,Water Grab Sampling,pH,,8.19,None,
Water,,2021-03-23,UTAHDWQ_WQX-5952430,36.95498,-111.48376,DWQ-001,UTAHDWQ_WQX,Water Grab Sampling,pH,,8.19,None,
Water,,2021-03-23,UTAHDWQ_WQX-5952430,36.95498,-111.48376,DWQ-001,UTAHDWQ_WQX,Water Grab Sampling,pH,,8.19,None,
Water,,2021-03-23,UTAHDWQ_WQX-5952430,36.95498,-111.48376,DWQ-001,UTAHDWQ_WQX,Water Grab Sampling,pH,,8.19,None,
Water,,2021-03-23,UTAHDWQ_WQX-5952430,36.95498,-111.48376,DWQ-001,UTAHDWQ_WQX,Water Grab Sampling,pH,,8.19,None,
Water,,2021-03-23,UTAHDWQ_WQX-5952430,36.95498,-111.48376,DWQ-001,UTAHDWQ_WQX,Water Grab Sampling,pH,,8.19,None,
Water,,2021-03-23,UTAHDWQ_WQX-5952430,36.95498,-111.48376,DWQ-001,UTAHDWQ_WQX,Water Grab Sampling,pH,,8.19,None,
Water,,2021-03-23,UTAHDWQ_WQX-5952430,36.95498,-111.48376,DWQ-001,UTAHDWQ_WQX,Water Grab Sampling,pH,,8.19,None,
Water,,2021-03-23,UTAHDWQ_WQX-5952430,36.95498,-111.48376,DWQ-001,UTAHDWQ_WQX,Water Grab Sampling,pH,,8.19,None,
Water,,2021-03-23,UTAHDWQ_WQX-5952430,36.95498,-111.48376,DWQ-001,UTAHDWQ_WQX,Water Grab Sampling,pH,,8.19,None,
Water,,2021-03-23,UTAHDWQ_WQX-5952430,36.95498,-111.48376,DWQ-001,UTAHDWQ_WQX,Water Grab Sampling,pH,,8.19,None,
Water,,2021-03-23,UTAHDWQ_WQX-5952430,36.95498,-111.48376,DWQ-001,UTAHDWQ_WQX,Water Grab Sampling,pH,,8.19,None,
Water,,2021-03-23,UTAHDWQ_WQX-5952430,36.95498,-111.48376,DWQ-001,UTAHDWQ_WQX,Water Grab Sampling,pH,,8.19,None,
Water,,2021-03-23,UTAHDWQ_WQX-5952430,36.95498,-111.48376,DWQ-001,UTAHDWQ_WQX,Water Grab Sampling,pH,,8.19,None,
Water,,2021-03-23,UTAHDWQ_WQX-5952435,36.95498,-111.48376,DWQ-001,UTAHDWQ_WQX,Water Grab Sampling,pH,,8.19,None,
Water,,2021-03-23,UTAHDWQ_WQX-5952430,36.95498,-111.48376,DWQ-001,UTAHDWQ_WQX,Water Grab Sampling,pH,,8.19,None,
Water,,2021-03-23,UTAHDWQ_WQX-5952430,36.95498,-111.48376,DWQ-001,UTAHDWQ_WQX,Water Grab Sampling,pH,,8.19,None,
Water,Surface Water,2020-09-30,AZDEQ_SW-28,35.1983333,-114.5686111,Unknown,AZDEQ_SW,Unknown,pH,Total,8.2,None,
Water,,2021-03-23,UTAHDWQ_WQX-5952430,36.95498,-111.48376,DWQ-001,UTAHDWQ_WQX,Water Grab Sampling,pH,,8.2,None,
Water,Surface Water,2020-09-30,AZDEQ_SW-1338,35.2202778,-114.5672222,Unknown,AZDEQ_SW,Unknown,pH,Total,8.21,None,
Water,Surface Water,2020-11-18,AZDEQ_SW-1338,35.2202778,-114.5672222,Unknown,AZDEQ_SW,Unknown,pH,Total,8.21,None,
Water,Surface Water,2020-09-30,AZDEQ_SW-1338,35.2202778,-114.5672222,Unknown,AZDEQ_SW,Unknown,pH,Total,8.21,None,
Water,Surface Water,2020-09-30,AZDEQ_SW-1338,35.2202778,-114.5672222,Unknown,AZDEQ_SW,Unknown,pH,Total,8.21,None,
Water,Surface Water,2020-11-18,AZDEQ_SW-1338,35.2202778,-114.5672222,Unknown,AZDEQ_SW,Unknown,pH,Total,8.22,None,
Water,Surface Water,2020-11-18,AZDEQ_SW-1338,35.2202778,-114.5672222,Unknown,AZDEQ_SW,Unknown,pH,Total,8.22,None,
Water,Surface Water,2020-09-30,AZDEQ_SW-1338,35.2202778,-114.5672222,Unknown,AZDEQ_SW,Unknown,pH,Total,8.22,None,
Water,Surface Water,2020-11-18,AZDEQ_SW-28,35.1983333,-114.5686111,Unknown,AZDEQ_SW,Unknown,pH,Total,8.23,None,
Water,Surface Water,2020-11-18,AZDEQ_SW-28,35.1983333,-114.5686111,Unknown,AZDEQ_SW,Unknown,pH,Total,8.23,None,
Water,Surface Water,2020-11-18,AZDEQ_SW-28,35.1983333,-114.5686111,Unknown,AZDEQ_SW,Unknown,pH,Total,8.23,None,
Water,Surface Water,2020-11-18,AZDEQ_SW-28,35.1983333,-114.5686111,Unknown,AZDEQ_SW,Unknown,pH,Total,8.23,None,
Water,Surface Water,2020-11-18,AZDEQ_SW-28,35.1983333,-114.5686111,Unknown,AZDEQ_SW,Unknown,pH,Total,8.23,None,
Water,Surface Water,2020-11-18,AZDEQ_SW-1338,35.2202778,-114.5672222,Unknown,AZDEQ_SW,Unknown,pH,Total,8.23,None,
Water,Surface Water,2020-11-18,AZDEQ_SW-28,35.1983333,-114.5686111,Unknown,AZDEQ_SW,Unknown,pH,Total,8.23,None,
Water,Surface Water,2020-11-18,AZDEQ_SW-28,35.1983333,-114.5686111,Unknown,AZDEQ_SW,Unknown,pH,Total,8.23,None,
Water,Surface Water,2020-11-18,AZDEQ_SW-28,35.1983333,-114.5686111,Unknown,AZDEQ_SW,Unknown,pH,Total,8.23,None,
Water,Surface Water,2020-11-18,AZDEQ_SW-1338,35.2202778,-114.5672222,Unknown,AZDEQ_SW,Unknown,pH,Total,8.23,None,
Water,Surface Water,2020-11-18,AZDEQ_SW-28,35.1983333,-114.5686111,Unknown,AZDEQ_SW,Unknown,pH,Total,8.23,None,
Water,Surface Water,2020-11-18,AZDEQ_SW-1338,35.2202778,-114.5672222,Unknown,AZDEQ_SW,Unknown,pH,Total,8.23,None,
Water,Surface Water,2020-11-18,AZDEQ_SW-1338,35.2202778,-114.5672222,Unknown,AZDEQ_SW,Unknown,pH,Total,8.23,None,
Water,Surface Water,2020-11-18,AZDEQ_SW-1338,35.2202778,-114.5672222,Unknown,AZDEQ_SW,Unknown,pH,Total,8.23,None,
Water,Surface Water,2020-09-30,AZDEQ_SW-1338,35.2202778,-114.5672222,Unknown,AZDEQ_SW,Unknown,pH,Total,8.23,None,
Water,Surface Water,2020-11-18,AZDEQ_SW-1338,35.2202778,-114.5672222,Unknown,AZDEQ_SW,Unknown,pH,Total,8.23,None,
Water,Surface Water,2020-11-18,AZDEQ_SW-28,35.1983333,-114.5686111,Unknown,AZDEQ_SW,Unknown,pH,Total,8.23,None,
Water,Surface Water,2020-11-18,AZDEQ_SW-1338,35.2202778,-114.5672222,Unknown,AZDEQ_SW,Unknown,pH,Total,8.23,None,
Water,Surface Water,2020-11-18,AZDEQ_SW-28,35.1983333,-114.5686111,Unknown,AZDEQ_SW,Unknown,pH,Total,8.23,None,
Water,Surface Water,2020-11-18,AZDEQ_SW-1338,35.2202778,-114.5672222,Unknown,AZDEQ_SW,Unknown,pH,Total,8.23,None,
Water,Surface Water,2020-11-18,AZDEQ_SW-28,35.1983333,-114.5686111,Unknown,AZDEQ_SW,Unknown,pH,Total,8.24,None,
Water,Surface Water,2020-11-18,AZDEQ_SW-28,35.1983333,-114.5686111,Unknown,AZDEQ_SW,Unknown,pH,Total,8.24,None,
Water,Surface Water,2020-11-18,AZDEQ_SW-28,35.1983333,-114.5686111,Unknown,AZDEQ_SW,Unknown,pH,Total,8.24,None,
Water,Surface Water,2020-11-18,AZDEQ_SW-28,35.1983333,-114.5686111,Unknown,AZDEQ_SW,Unknown,pH,Total,8.24,None,
Water,Surface Water,2020-11-18,AZDEQ_SW-1338,35.2202778,-114.5672222,Unknown,AZDEQ_SW,Unknown,pH,Total,8.24,None,
Water,Surface Water,2020-11-18,AZDEQ_SW-1338,35.2202778,-114.5672222,Unknown,AZDEQ_SW,Unknown,pH,Total,8.24,None,
Water,Surface Water,2020-11-18,AZDEQ_SW-28,35.1983333,-114.5686111,Unknown,AZDEQ_SW,Unknown,pH,Total,8.24,None,
Water,Surface Water,2020-11-18,AZDEQ_SW-28,35.1983333,-114.5686111,Unknown,AZDEQ_SW,Unknown,pH,Total,8.24,None,
Water,Surface Water,2020-11-18,AZDEQ_SW-28,35.1983333,-114.5686111,Unknown,AZDEQ_SW,Unknown,pH,Total,8.24,None,
Water,Surface Water,2020-11-18,AZDEQ_SW-28,35.1983333,-114.5686111,Unknown,AZDEQ_SW,Unknown,pH,Total,8.24,None,
Water,Surface Water,2020-11-18,AZDEQ_SW-28,35.1983333,-114.5686111,Unknown,AZDEQ_SW,Unknown,pH,Total,8.24,None,
Water,Surface Water,2020-11-18,AZDEQ_SW-1338,35.2202778,-114.5672222,Unknown,AZDEQ_SW,Unknown,pH,Total,8.24,None,
Water,Surface Water,2020-11-18,AZDEQ_SW-1338,35.2202778,-114.5672222,Unknown,AZDEQ_SW,Unknown,pH,Total,8.24,None,
Water,Surface Water,2020-11-18,AZDEQ_SW-28,35.1983333,-114.5686111,Unknown,AZDEQ_SW,Unknown,pH,Total,8.24,None,
Water,Surface Water,2020-11-18,AZDEQ_SW-28,35.1983333,-114.5686111,Unknown,AZDEQ_SW,Unknown,pH,Total,8.24,None,
Water,Surface Water,2020-09-30,AZDEQ_SW-28,35.1983333,-114.5686111,Unknown,AZDEQ_SW,Unknown,pH,Total,8.24,None,
Water,Surface Water,2020-11-18,AZDEQ_SW-1338,35.2202778,-114.5672222,Unknown,AZDEQ_SW,Unknown,pH,Total,8.24,None,
Water,Surface Water,2020-11-18,AZDEQ_SW-28,35.1983333,-114.5686111,Unknown,AZDEQ_SW,Unknown,pH,Total,8.24,None,
Water,Surface Water,2020-11-18,AZDEQ_SW-28,35.1983333,-114.5686111,Unknown,AZDEQ_SW,Unknown,pH,Total,8.24,None,
Water,Surface Water,2020-11-18,AZDEQ_SW-28,35.1983333,-114.5686111,Unknown,AZDEQ_SW,Unknown,pH,Total,8.24,None,
Water,Surface Water,2020-11-18,AZDEQ_SW-28,35.1983333,-114.5686111,Unknown,AZDEQ_SW,Unknown,pH,Total,8.24,None,
Water,Surface Water,2020-11-18,AZDEQ_SW-1338,35.2202778,-114.5672222,Unknown,AZDEQ_SW,Unknown,pH,Total,8.24,None,
Water,Surface Water,2020-11-18,AZDEQ_SW-1338,35.2202778,-114.5672222,Unknown,AZDEQ_SW,Unknown,pH,Total,8.24,None,
Water,Surface Water,2020-11-18,AZDEQ_SW-28,35.1983333,-114.5686111,Unknown,AZDEQ_SW,Unknown,pH,Total,8.24,None,
Water,Surface Water,2020-11-18,AZDEQ_SW-28,35.1983333,-114.5686111,Unknown,AZDEQ_SW,Unknown,pH,Total,8.24,None,
Water,Surface Water,2020-11-18,AZDEQ_SW-1338,35.2202778,-114.5672222,Unknown,AZDEQ_SW,Unknown,pH,Total,8.25,None,
Water,,2020-11-23,TOHONOO'ODHAMNATION-127,32.650539,111.927797,Bottle,TOHONOO'ODHAMNATION,Bottle Sampling,pH,,8.3,None,
Water,Surface Water,2020-10-21,AZDEQ_SW-666,34.5952778,-112.4166389,Unknown,AZDEQ_SW,Unknown,pH,Total,8.38,None,
Water,Surface Water,2021-04-06,USGS-332055112344901,,,40,USGS parameter code 82398,Multiple verticals,pH,Total,8.4,std units,
Water,Surface Water,2020-08-25,AZDEQ_SW-548,33.5705556,-112.1191667,Unknown,AZDEQ_SW,Unknown,pH,Total,8.47,None,
Water,Surface Water,2020-10-21,AZDEQ_SW-666,34.5952778,-112.4166389,Unknown,AZDEQ_SW,Unknown,pH,Total,8.47,None,
Water,Surface Water,2020-10-21,AZDEQ_SW-666,34.5952778,-112.4166389,Unknown,AZDEQ_SW,Unknown,pH,Total,8.48,None,
Water,Surface Water,2020-10-21,AZDEQ_SW-666,34.5952778,-112.4166389,Unknown,AZDEQ_SW,Unknown,pH,Total,8.48,None,
Water,Surface Water,2020-10-21,AZDEQ_SW-1019,34.6016472,-112.4321111,Unknown,AZDEQ_SW,Unknown,pH,Total,8.48,None,
Water,,2021-10-12,AK-CHIN_WQX-LCR-21,33.00017,-112.07,Grab Sample,AK-CHIN_WQX,Grab Sample,pH,,8.5,None,
Water,Surface Water,2020-08-25,AZDEQ_SW-550,33.5113889,-111.9077778,Unknown,AZDEQ_SW,Unknown,pH,Total,8.53,None,
Water,Surface Water,2020-08-25,AZDEQ_SW-550,33.5113889,-111.9077778,Unknown,AZDEQ_SW,Unknown,pH,Total,8.54,None,
Water,Surface Water,2020-11-09,AZDEQ_SW-548,33.5705556,-112.1191667,Unknown,AZDEQ_SW,Unknown,pH,Total,8.54,None,
Water,Surface Water,2020-08-19,AZDEQ_SW-663,34.23275,-113.6004333,Unknown,AZDEQ_SW,Unknown,pH,Total,8.55,None,
Water,Surface Water,2020-09-22,AZDEQ_SW-550,33.5113889,-111.9077778,Unknown,AZDEQ_SW,Unknown,pH,Total,8.55,None,
Water,Surface Water,2020-10-21,AZDEQ_SW-1019,34.6016472,-112.4321111,Unknown,AZDEQ_SW,Unknown,pH,Total,8.56,None,
Water,Surface Water,2020-09-22,AZDEQ_SW-550,33.5113889,-111.9077778,Unknown,AZDEQ_SW,Unknown,pH,Total,8.57,None,
Water,Surface Water,2020-10-21,AZDEQ_SW-1019,34.6016472,-112.4321111,Unknown,AZDEQ_SW,Unknown,pH,Total,8.58,None,
Water,Surface Water,2020-10-15,AZDEQ_SW-548,33.5705556,-112.1191667,Unknown,AZDEQ_SW,Unknown,pH,Total,8.58,None,
Water,Surface Water,2020-10-21,AZDEQ_SW-1019,34.6016472,-112.4321111,Unknown,AZDEQ_SW,Unknown,pH,Total,8.59,None,
Water,Surface Water,2020-11-03,USGS-332055112344901,,,40,USGS parameter code 82398,Multiple verticals,pH,Total,8.6,std units,
Water,Surface Water,2020-11-03,USGS-332055112344901,,,40,USGS parameter code 82398,Multiple verticals,pH,Total,8.6,std units,
Water,Surface Water,2020-10-21,AZDEQ_SW-666,34.5952778,-112.4166389,Unknown,AZDEQ_SW,Unknown,pH,Total,8.6,None,
Water,,2021-10-20,GLEC-VRWIC-A,34.601647,-112.432111,,,,pH,,8.6,None,
Water,,2021-10-20,GLEC-VRWIC-A,34.601647,-112.432111,,,,pH,,8.61,None,
Water,Surface Water,2020-10-15,AZDEQ_SW-550,33.5113889,-111.9077778,Unknown,AZDEQ_SW,Unknown,pH,Total,8.64,None,
Water,,2021-10-20,GLEC-VRWIC-A,34.601647,-112.432111,,,,pH,,8.64,None,
Water,,2021-10-20,GLEC-VRWIC-A,34.601647,-112.432111,,,,pH,,8.72,None,
Water,Surface Water,2020-11-02,AZDEQ_SW-550,33.5113889,-111.9077778,Unknown,AZDEQ_SW,Unknown,pH,Total,8.73,None,
Water,Surface Water,2020-08-19,AZDEQ_SW-663,34.23275,-113.6004333,Unknown,AZDEQ_SW,Unknown,pH,Total,8.745,None,
Water,,2021-10-23,GLEC-MGTTL-A,33.433333,-111.947222,,,,pH,,8.8,None,
Water,Surface Water,2020-10-21,AZDEQ_SW-666,34.5952778,-112.4166389,Unknown,AZDEQ_SW,Unknown,pH,Total,8.84,None,
Water,,2021-10-23,GLEC-MGTTL-A,33.433333,-111.947222,,,,pH,,8.84,None,
Water,Surface Water,2020-10-21,AZDEQ_SW-666,34.5952778,-112.4166389,Unknown,AZDEQ_SW,Unknown,pH,Total,8.85,None,
Water,Surface Water,2020-10-21,AZDEQ_SW-666,34.5952778,-112.4166389,Unknown,AZDEQ_SW,Unknown,pH,Total,8.86,None,
Water,Surface Water,2020-10-21,AZDEQ_SW-666,34.5952778,-112.4166389,Unknown,AZDEQ_SW,Unknown,pH,Total,8.87,None,
Water,Surface Water,2020-10-21,AZDEQ_SW-666,34.5952778,-112.4166389,Unknown,AZDEQ_SW,Unknown,pH,Total,8.9,None,
Water,,2021-10-23,GLEC-MGTTL-A,33.433333,-111.947222,,,,pH,,8.95,None,
Water,,2021-10-23,GLEC-MGTTL-A,33.433333,-111.947222,,,,pH,,8.99,None,
Water,,2021-10-23,GLEC-MGTTL-A,33.433333,-111.947222,,,,pH,,9.01,None,
Water,,2021-10-23,GLEC-MGTTL-A,33.433333,-111.947222,,,,pH,,9.03,None,
Water,Surface Water,2020-10-21,AZDEQ_SW-666,34.5952778,-112.4166389,Unknown,AZDEQ_SW,Unknown,pH,Total,9.16,None,
Water,,2021-08-10,TOHONOO'ODHAMNATION-24,31.821575,112.546233,Bottle,TOHONOO'ODHAMNATION,Bottle Sampling,pH,,9.3,None,
Water,Surface Water,2020-06-25,AZDEQ_SW-510,33.8288889,-109.0938889,Unknown,AZDEQ_SW,Unknown,pH,Total,9.66,None,
Water,,2021-03-08,TOHONOO'ODHAMNATION-24,31.821575,112.546233,Bottle,TOHONOO'ODHAMNATION,Bottle Sampling,pH,,9.7,None,
Water,Surface Water,2020-06-25,AZDEQ_SW-510,33.8288889,-109.0938889,Unknown,AZDEQ_SW,Unknown,pH,Total,9.75,None,
Water,Surface Water,2020-06-25,AZDEQ_SW-521,33.9097222,-109.4205556,Unknown,AZDEQ_SW,Unknown,pH,Total,9.77,None,
Water,Surface Water,2020-06-25,AZDEQ_SW-510,33.8288889,-109.0938889,Unknown,AZDEQ_SW,Unknown,pH,Total,9.88,None,
Water,Surface Water,2020-06-25,AZDEQ_SW-521,33.9097222,-109.4205556,Unknown,AZDEQ_SW,Unknown,pH,Total,10.12,None,